F5 6,F6 7,F7 8,F8 9,F9 10,M5-6,M6 7,M7 8,M8 9,M9 10,Number of Records,T5 6,T6 7,T7 8,T8 9,T9 10,Th5 6,Th6 7,Th7 8,Th8 9,Th9 10,W5 6,W6 7,W7 8,W8 9,W9 10,Lat,Location Index,Lon
64.0725,58.04727273,55.19677419,56.06657895,52.75891892,54.42529412,55.25611111,52.55947368,56.85238095,53.34,1,56.11875,57.434375,54.73,56.15538462,51.757,63.97,56.56731707,52.25233333,48.10277778,56.83612903,60.78363636,58.995,54.97575758,54.62363636,53.41333333,-37.63769615,96,144.8055277
54.90538462,63.32257143,60.66947368,62.54488889,60.72758621,61.8808,60.0306383,57.92255814,56.77196429,60.84925926,1,60.75272727,61.24558824,64.68366667,59.62583333,59.594,61.12,60.62,60.19166667,59.19313725,62.8828,64.87642857,64.05405405,62.85104167,59.27924528,59.86948718,-37.63744494,97,144.805157
53.66413793,54.16228571,45.57227273,45.81472973,46.04789474,56.18222222,45.40268293,46.82196721,45.96032787,43.2,1,53.8162069,47.78454545,44.0545,40.86290698,43.96470588,53.35323529,50.55711538,44.18953125,41.21082192,43.32955882,58.61315789,48.7115625,44.84046154,43.73166667,44.014,-37.72784168,134,144.7938963
98.4734375,75.3022314,66.45259615,78.70050847,96.48746667,100.0226415,66.99583333,58.17053191,54.33298851,90.36391304,1,98.02042553,56.67242105,35.46,52.38625,81.27028571,99.92781818,64.68028302,48.56666667,55.89706522,92.63523364,99.36974359,70.01666667,55.20867257,65.81818182,92.62566372,-37.7004519,217,144.8097053
58.23032258,62.1544186,56.87268041,53.74922222,58.66138462,59.87878049,57.40977273,56.08086022,53.30213115,58.27652174,1,60.24210526,57.32333333,57.34548387,50.37036364,60.36603774,63.19518519,63.41857143,54.83622951,52.6016092,53.9008642,61.91074074,56.55921053,56.32803922,54.24238095,57.79753086,-37.70810438,308,144.7776569
43.11061224,42.16666667,43.23875,38.24203883,34.6841,43.80421053,43.4524359,42.59606838,39.99696629,35.84979167,1,45.85214286,39.29262295,39.06868852,38.25136364,35.89461538,42.78878788,44.56018868,42.46861111,38.25349398,39.64428571,41.09162791,43.42430108,40.19030303,37.54553571,41.1052381,-37.69082602,426,144.8820428
48.05807692,53.28186441,52.20605505,49.01043796,49.29267442,53.89318182,50.06323232,51.86429719,49.92492857,49.59083333,1,48.70125,54.24132653,52.46786885,47.53774775,48.44121387,53.06333333,48.47555556,52.84318519,46.00816,47.18985075,51.5487037,53.27435484,50.20535519,49.66215789,50.63584615,-37.72353516,470,144.849996
91.7447619,94.01054795,91.07025641,92.24622378,90.4406383,95.040625,93.43197987,92.21552511,91.17069231,91.61901408,1,92.558,92.61947368,92.00646617,91.16480315,91.49569106,96.55613636,92.03619718,91.71594595,92.25231343,91.86427136,93.54925926,93.94630952,93.17862637,90.51433498,92.53144928,-37.73048122,521,144.8741332
89.51558824,91.81257143,93.04097561,94.21181818,92.30333333,92.79625,94.04333333,94.35916667,92.69266667,93.21076923,1,88.907,94.62291667,93.10921053,91.52276596,94.34292683,99.42,93.82928571,91.45457627,92.94542857,92.83,93.27571429,92.74692308,93.491875,92.44333333,92.58934783,-37.72781356,522,144.861401
90.17121212,91.94657895,91.89341463,92.60102041,89.86630435,91.99,93.78515152,93.51313725,91.58478261,93.16816327,1,89.41333333,92.7824,90.305,90.11586957,91.93818182,98.88333333,93.72214286,90.68862069,90.80394737,91.35175439,89.06625,91.24185185,92.11276596,91.59490909,91.06392157,-37.72726852,526,144.85869
91.91319149,90.58203704,87.83721311,92.80766667,90.24784314,90.51777778,91.48742424,90.73140496,89.87641026,89.18375,1,88.30461538,93.09333333,90.32510204,88.21530303,90.81680851,92.55157895,92.24433333,90.08781955,90.79213333,87.80267606,88.76777778,87.5759375,90.73696429,90.76578125,88.89635135,-37.70113903,558,144.8100853
56.77904762,57.27340909,53.87853659,50.5687234,51.07580357,62.91605263,57.16137615,55.45973684,51.7915528,51.9827381,1,51.65235294,55.245,55.21679012,50.23017621,49.78906542,59.8,57.99390977,53.448125,50.28891304,49.9509542,59.40555556,56.19663158,54.32512077,52.57127907,50.60802239,-37.71832585,589,144.8545221
72.73909091,77.31454545,68.32875,67.03678571,69.29882353,64.56833333,73.39083333,64.44472222,58.38565217,68.13314286,1,74.36666667,75.69722222,72.38454545,63.58272727,67.694375,68.991,70.50928571,63.30212121,62.3335,62.08217391,67.895,73.68083333,69.8459375,64.7724,71.91809524,-37.71667165,628,144.8032797
64.8455814,66.41578947,63.13303797,60.59217949,64.56164179,65.28096774,66.98043478,62.2322549,62.18166667,62.311,1,70.115,64.0358,60.55186047,61.2498913,62.58390244,69.93307692,68.48155172,62.86353448,63.79650602,65.66877551,68.21346154,67.14132353,63.74539216,63.43634921,64.00140351,-37.72127877,631,144.8274954
84.56080724,83.49204145,81.79225699,81.64735677,81.33714842,77.86293039,71.95114619,73.59215564,79.58391692,80.29274683,1,79.7602228,77.52035721,80.48538872,82.28578742,81.84944568,83.34491657,80.92152729,80.57604734,81.05755174,81.95359911,82.80595338,79.12102987,80.55189336,81.55821471,80.18547637,-37.68638278,750,144.8772179
79.01,82.10451613,84.7805,83.3248,83.30290323,87.04583333,82.0335,88.64,86.25676471,89.00032258,1,85.16777778,80.01043478,83.76619048,81.64375,79.76666667,83.915,82.5436,85.81958333,80.71571429,88.85,79.18714286,84.39,88.49428571,86.83375,83.81,-37.61686638,832,144.7822229
48.85144231,44.9581203,42.52556962,35.44633721,42.67545455,49.4457732,47.10861314,38.6602139,35.33664706,40.74626984,1,49.00142857,46.76989247,37.86220859,36.16670968,41.34826923,49.24623377,45.05302158,40.27377143,33.52917526,38.98509554,47.4490411,47.54104839,40.27873418,36.39237838,43.20440252,-37.68164192,864,144.8835775
47.85409091,44.61538462,49.42443182,43.09075269,42.91422535,49.82648649,51.75625,45.4320339,41.48010204,50.00911765,1,48.07590909,42.59463415,45.42673684,44.16532609,46.71411765,46.1746875,52.547,44.76939759,44.12820755,44.66173333,48.73357143,48.27285714,44.51418605,46.6113,47.10538462,-37.7016871,865,144.8819833
31.98625,28.05337079,31.30175573,24.71447154,25.54320388,35.087625,30.37388013,28.01,27.48246032,31.25051282,1,37.28816667,29.09596859,26.56707792,28.08183206,29.54435294,32.80245614,28.5944,27.59452229,23.37166667,24.42457143,33.52962264,30.59167598,25.56629442,23.05971429,29.48137681,-37.69965488,866,144.8802512
65.37046512,66.32814815,64.71969231,65.57308824,65.09338983,64.47608696,65.71220339,68.10280702,66.90302326,65.30488889,1,64.18032258,66.67851064,59.21431818,65.082,64.545,66.58441176,64.79651515,60.88126761,64.75714286,68.28851852,65.79540541,67.96759259,63.74166667,62.33241935,66.17716667,-37.67696324,900,144.8842583
54.65968254,53.77547945,50.61413043,49.50608696,52.54674157,54.42073529,56.36920635,49.26135135,49.15884615,55.46896552,1,54.09,53.22230769,44.73942857,46.04072727,50.42607143,56.33041667,51.94916667,47.35377778,49.47530864,51.89417722,56.65777778,56.19464789,47.60775,49.25802326,55.57425,-37.68086879,901,144.8835541
56.94,51.125,49.69861111,45.57674419,45.02210526,56.0975,51.10555556,45.03422222,39.65947368,42.11823529,1,56.48928571,46.0068,44.92904762,38.93571429,47.92666667,49.67692308,50.22733333,47.4125,47.52134615,47.71225,59.95666667,49.94956522,44.67293103,42.27,43.93294118,-37.69661875,1143,144.7813942
70.01666667,69.91484848,68.51454545,66.23789474,66.85487179,68.93588235,68.25444444,64.90263158,69.90238095,66.77297297,1,69.606,66.40552632,68.82318182,66.19583333,66.04518519,75.1825,71.79974359,67.41551724,74.69533333,68.80375,69.59416667,70.8021875,66.8140625,67.89090909,66.0024,-37.64326625,1149,144.8289692
70.09518519,67.03095588,65.37628571,68.51884956,67.59991379,71.03380282,67.49095238,59.84929825,60.36194245,68.87811765,1,69.2792,64.80225806,62.76609375,61.28432203,66.61114943,70.67479167,65.82341667,63.76363128,61.21440678,69.7133945,70.45516129,67.84066116,62.67034965,61.66876923,70.26133333,-37.6442179,1150,144.8341628
79.29104717,76.07511261,63.04229477,62.06118703,64.63164505,70.56605213,60.66349294,62.58707935,67.33922194,70.27075806,1,71.78836716,57.24387897,59.8221533,63.3013858,72.94732611,76.36133467,64.70964046,61.36201247,63.20252161,69.24173699,74.61756027,62.2235744,60.96523114,63.68421573,66.7397384,-37.69718481,1159,144.88707
90.49538462,91.60423077,87.75288889,87.48325,89.63875,93.405625,90.59060606,80.4737931,91.235,91.59192308,1,90.652,90.04076923,80.07631579,86.20030303,85.75307692,93.96666667,90.97884615,83.59625,86.75228571,89.1412,94.14333333,91.11526316,82.095,90.26,92.471875,-37.61489324,1178,144.7802643
91.92310924,89.34966443,85.57403636,86.97837004,87.21595668,91.47239583,88.14303279,82.2342562,78.23848214,84.39559387,1,91.96071429,87.12209091,74.8121256,71.87446701,82.85530769,91.95857143,89.21787879,80.41681507,81.74879227,85.28649485,91.186375,89.11142857,79.00310345,82.11809045,84.28910156,-37.7272244,1229,144.8595217
74.76697248,75.94833333,72.50858333,72.90578313,71.963125,75.02858696,73.22475248,73.94062016,74.318875,74.68188235,1,75.94786408,76.19306306,71.532,72.12208955,73.76921053,75.38263636,76.33695312,73.69461538,62.3559375,72.71113636,75.41414141,75.73275,70.76193798,69.40148936,72.15475248,-37.65087552,1272,144.879608
54.55382353,46.96393939,45.461,42.32606897,44.01686131,48.68857143,47.19809524,45.80582645,42.68298246,45.78566667,1,49.41923077,46.24009009,45.86306667,42.70533333,41.78461538,52.17058824,46.86701031,44.98885714,39.22382114,41.5705303,49.465,48.84053892,45.1407732,42.01992806,44.94946903,-37.70712374,1302,144.8692756
99.78435294,89.30956204,72.16621849,83.35197183,97.966,101.2733333,71.10421429,59.76,50.72539823,94.35534483,1,101.0806122,60.81481752,37.92944444,66.198,84.71310811,99.42610169,71.00643836,55.99806452,63.22245614,95.87482143,99.40822222,74.41448052,52.17221429,67.49207207,96.66064516,-37.69468141,1303,144.8009298
62.34294737,53.73037037,40.92121827,41.63994924,51.24884354,66.59,49.33241667,39.75570652,40.64956284,54.22322148,1,66.90926316,49.69960784,33.81151163,36.66919355,52.58649682,65.88543478,52.42409091,38.13851528,41.75004975,55.45889706,65.52871429,50.89192661,41.27907834,41.53073864,58.30007576,-37.71732891,1304,144.8280477
58.29714286,54.2053125,53.87560976,54.79850746,59.05625,57.10916667,53.768,54.18982759,55.14890909,62.94692308,1,55.85428571,56.27588235,57.5612963,48.20326923,60.05451613,62.87555556,59.0575,53.393,51.93987179,56.2658,54.3825,53.1436,55.41,53.07135135,66.5696,-37.70717785,1305,144.7781483
93.61731579,92.18082569,84.97627551,90.12040323,90.05191537,92.58946667,91.08551546,71.51226667,72.83769231,84.92271715,1,92.02831858,90.06074534,57.24977208,56.77230556,83.90715859,92.19430769,92.3974502,68.5695612,75.4289267,89.65754425,92.95837607,87.98888889,69.7352381,83.00152648,90.3911804,-37.72878681,1392,144.8672069
52.94466667,51.43116667,49.52972603,39.3696,39.21244186,51.98576923,50.5,47.74241935,37.63434211,44.3238961,1,52.59703704,52.88315789,46.73258065,34.56861111,43.23642857,53.88947368,53.45172414,47.60565217,37.18272727,44.1312987,55.90575758,49.93820513,49.86693548,35.721875,39.36962025,-37.72765542,1498,144.784251
64.09364407,60.92534653,58.30666667,53.84611111,56.32285714,63.29415584,60.50628319,59.24042683,54.8288806,56.88179104,1,64.04756757,58.40580645,56.29657718,53.03450704,56.15864662,62.32173913,58.43607477,58.28316327,55.41943262,57.42059829,62.25441558,60.36803571,57.03170588,54.93728814,55.11706349,-37.72773432,1499,144.7941896
48.07372093,43.06596774,35.62327434,32.69229358,34.26761468,47.91551724,43.28782609,35.65893617,32.67570175,32.66211864,1,46.13028571,42.47888889,32.19778626,29.47781818,32.8078022,42.11703704,43.29575342,36.21351351,32.08030534,33.62857143,48.83707317,39.62891892,33.43652542,34.19616667,35.72412281,-37.71110111,1595,144.888774
50.0737037,45.87083333,36.58759615,34.074,34.58884354,38.70544,39.52142157,35.09814404,32.90051852,32.53955556,1,40.05019608,39.8283558,35.44318777,32.33310811,34.23097087,43.37901961,39.88424837,37.78211765,32.88085106,34.06795918,44.58820513,37.7161194,34.56342373,30.98462963,34.44827586,-37.71049496,1597,144.8881741
63.52,59.1754717,56.92013699,54.41615385,55.48265823,62.63181818,58.15207317,57.80461538,53.2284375,57.45979592,1,62.87649351,59.82367089,56.72439394,50.99604167,56.50683333,61.12910112,58.55634409,57.61383838,54.65069444,55.45596491,65.07373333,59.34085106,57.28278481,55.93106061,55.65086207,-37.6355935,1629,144.8814855
59.24208791,47.96925926,39.90694444,42.16804124,40.99402062,62.73387097,44.79988235,34.78640449,34.43441176,47.23068182,1,58.81554348,43.48602151,29.94724771,33.47387097,41.39776,61.65375,41.56054054,36.50504348,38.86545455,44.16785714,61.49103448,42.82236559,33.51732759,36.87647059,38.46361905,-37.69605711,1639,144.7757575
61.77010101,58.33271186,55.53776316,57.8667033,59.12858025,63.69675,57.76705036,51.40741935,54.75883333,58.73173653,1,62.81884211,55.52112069,52.59817734,54.57664865,58.89610169,63.89773196,58.75384058,54.90116935,55.66689655,58.8043038,62.5690411,58.25905512,55.11673913,56.63087719,58.61367742,-37.71239248,1647,144.8309186
48.87789474,50.5427451,42.555,30.47245614,37.3456,45.96894737,45.1369697,37.882,28.5075,35.03461538,1,45.93904762,55.30540541,38.1,29.09232143,35.06181818,54.02285714,47.56434783,40.16128205,30.45590164,33.3344,48.15095238,43.81142857,42.85435897,26.49857143,36.95325,-37.73512132,1669,144.8868574
52.18875,48.75615385,56.54541667,47.05173077,44.5512,45.81571429,51.56944444,54.84,47.0445,47.492,1,42.2925,54.89785714,54.44588235,46.48741935,44.49636364,63.69090909,49.13321429,57.30583333,47.08032258,47.67038462,46.45545455,51.5045,52.81083333,42.61,44.584,-37.73430506,1670,144.8848866
48.513,50.44185185,44.17969697,39.22087719,40.79685185,48.72473684,45.69081081,40.63025,36.09916667,41.58177778,1,46.49047619,54.4615,43.93357143,43.20433962,43.6040625,53.63166667,47.41333333,45.57918919,39.60616667,40.52833333,47.57217391,46.53282051,44.57175,34.41136364,44.3185,-37.7343872,1671,144.8850844
82.12191176,85.29331461,82.9727668,80.82521569,79.64175824,84.68941606,84.60637097,81.89033223,78.95108,82.22213115,1,83.69066038,84.55963351,82.32743506,80.48612167,82.9435,84.92521739,83.88158879,81.4322252,80.77004367,81.41696517,83.16920792,84.77592593,82.78063536,81.78952381,81.03102439,-37.72287645,1690,144.8426109
51.83128134,52.30329958,50.34438865,49.56985133,50.2741323,51.06774579,48.92157339,47.9427685,49.97344111,48.8479291,1,51.89836066,49.39456291,49.21122654,49.26977629,50.01053814,51.81200787,51.16673499,50.01668553,49.48126485,49.95240876,52.42412595,51.42202091,49.1633171,48.99256742,47.35484567,-37.67927818,1797,144.8602914
44.63451969,43.48409524,43.04994709,41.91208,41.50843177,44.00216915,40.64807374,39.79419527,42.40949591,42.949,1,44.32331316,42.60767892,41.52682598,41.47267666,42.3046875,44.91514329,43.84308075,44.00935361,42.58670103,41.96748162,44.14535831,42.71144592,41.87018962,41.59547865,39.75178151,-37.67580921,1803,144.853862
41.29746154,38.74113636,39.60914894,38.83757647,38.35911162,44.55304348,41.96206957,38.41699219,39.92761035,38.00582474,1,43.16527523,42.83742553,40.52017699,38.24465753,40.02225806,41.66773196,42.10229935,40.02511952,39.79940695,38.95338645,42.08932489,43.65821267,39.51043689,35.51616145,35.57480804,-37.67814526,1804,144.8594843
54.04321429,53.3015873,50.61175824,48.32112903,48.09456044,55.3800885,53.16773504,52.64579805,49.2768239,48.93392361,1,54.26324675,53.08707865,51.18257511,48.65813278,47.42352941,53.69402299,54.50416667,50.02955947,49.48435556,49.35504098,51.64217391,53.45886228,52.90149606,47.54389105,46.61545817,-37.68121776,1805,144.8625212
53.80175487,52.54159844,51.88708978,53.0538292,53.0922547,52.51187856,47.34351306,48.11050946,52.12638854,51.56103514,1,52.6688563,50.47869215,50.92638128,52.94296012,52.5007026,53.16647249,51.65763441,51.95402854,53.8296393,51.66286751,52.61635258,51.244662,50.60852552,52.79721739,51.42026473,-37.68289813,1806,144.8639805
57.61977011,56.83283465,58.51899441,56.3806338,56.68818182,59.76447619,58.29521739,59.15346614,57.81136882,56.902375,1,59.57378378,58.35122699,57.13529412,56.9997561,58.15524823,58.13252874,61.10514085,57.90131579,56.63294686,58.41434146,55.26492958,58.95181818,59.33289593,56.56768362,55.59825137,-37.68240377,1807,144.8636833
102.40375,99.44545455,98.22333333,98.56692308,99.49952381,93.788,85.79181818,82.4825,71.84583333,94.59941176,1,84.06555556,86.80375,95.64941176,98.38375,99.57571429,97.4,93.00818182,96.20705882,96.42222222,85.561,91.02,89.18785714,100.3975,93.35409091,93.98785714,-37.66977358,1835,144.8554936
87.27386991,85.06017055,80.55943683,80.86730641,75.41324113,86.84439753,81.29946648,62.25119435,37.2742811,38.59034774,1,87.6880377,84.25668589,72.10674711,61.68335393,49.56551894,85.90372586,83.60445628,72.83141226,58.83274929,58.87877687,87.31833333,84.76655472,77.45895058,59.10156186,65.67840976,-37.67600993,1836,144.8623576
78.1088,76.68695652,75.22687023,72.67372093,71.19130435,78.80845238,76.58564706,73.10162963,68.9,73.16176471,1,77.12022989,75.08685714,71.80548673,55.80864865,72.34684211,77.37919192,77.24170213,69.36463235,64.42075949,71.8434375,78.10329787,76.61276596,65.8633871,61.04693182,70.36648649,-37.66388062,1837,144.8848917
53.724,53.86764706,37.63789474,45.98194444,42.85074074,52.98235294,48.0426087,37.55928571,33.94321429,47.10238095,1,57.74166667,49.38,37.07666667,26.0475,49.295,51.795,52.37590909,41.95367347,40.08510638,35.58083333,47.24777778,53.25692308,37.66877193,40.32833333,51.10689655,-37.70024195,1855,144.7803966
31.55030216,30.37641908,30.36128375,31.16974164,31.85388638,34.17621495,32.36987927,30.03263726,28.61813919,31.9216548,1,32.68969895,32.2701165,29.49986611,29.83509657,31.14017624,32.34854241,31.98871092,29.74100345,29.84676541,31.34722222,32.53534568,31.03431427,28.27760276,29.50285179,31.92211924,-37.67159692,1916,144.8527568
35.58833333,32.56405405,39.75040816,33.59969388,30.99989011,39.425,42.91826087,37.441875,34.69097403,34.35472973,1,37.317,33.77130435,38.21392857,43.92395604,29.43425743,39.67807692,40.37585366,47.83873016,33.30608247,29.71672,28.86111111,42.49302326,38.99781609,33.66022556,31.76513158,-37.67160418,1917,144.8525898
34.897,27.58555556,33.63052632,24.25030769,23.21418182,31.55444444,40.18038462,31.00545455,26.44285714,23.8134375,1,34.97315789,31.49210526,38.22083333,25.09365854,31.71693548,43.77055556,33.81833333,32.37388889,30.29104167,29.6996,36.83625,37.30548387,34.72586957,31.05660714,23.9662766,-37.66983877,1937,144.8534472
43.20966667,38.04546392,35.90815725,32.01287469,35.06318841,43.40867508,38.19487552,33.05727096,24.85280561,29.47902256,1,43.99857143,40.03092807,35.96960613,29.59124294,32.89348485,46.09885246,40.060625,33.15538922,30.57535211,34.02658477,44.3697318,39.591959,31.10911824,30.41197065,30.49364653,-37.66975097,1945,144.8539499
44.13165644,37.20484211,33.52183962,25.56382883,32.20866426,46.83398601,37.23913907,29.74298969,23.28625,34.38546729,1,45.75347222,35.91589404,26.809375,20.19675258,30.47666667,45.4939881,36.4044878,28.86,24.84313636,30.35765487,46.12831081,36.73393258,26.75646766,23.52934783,32.34118644,-37.68733981,2002,144.8825672
48.86871287,45.36804348,43.48113333,42.42753086,43.93963855,50.57075,47.01888889,43.16198953,38.99297468,41.69794326,1,47.85944444,48.01836538,42.59136364,39.46746377,43.33389262,42.74407895,46.4637037,44.54173913,37.37251366,37.75961538,48.54880597,48.03427481,42.09979592,40.2202439,41.75442857,-37.68551979,2003,144.8827217
46.95533333,41.701,41.82666667,37.70555556,42.93301724,47.65,39.99119048,38.93378788,39.34013514,42.04068966,1,45.31324324,41.21340426,34.96073529,37.83333333,38.29640449,43.91625,42.41265625,39.26987179,39.12421053,41.00887755,48.19625,41.12214286,39.84182927,38.42795918,41.66580952,-37.68115713,2107,144.8846356
48.55844828,38.4844898,36.71808036,30.91095833,36.36653846,45.7225,38.03652778,28.65242009,31.12947619,40.0085641,1,45.04317241,38.26593103,28.32791444,28.10562189,34.79574766,43.82502994,38.33771429,33.15012876,28.79294118,36.50780952,45.09032258,39.71741758,31.392287,31.43762295,36.80699552,-37.68338327,2140,144.8832767
68.36,64.61391304,64.02349206,56.47465753,58.56877193,72.05222222,63.47137931,66.6812,54.186,57.04769231,1,64.23181818,58.8925,62.15192308,52.86150943,56.40272727,58.89904762,57.72314286,61.90333333,51.40686275,57.58283019,65.27,64.84787879,64.64833333,50.3968,61.0747619,-37.73310985,2147,144.8180412
60.17,55.0221875,57.21775862,52.92692308,50.992,61.73708333,58.84727273,52.0215,57.11230769,55.18949153,1,59.67777778,60.76377778,53.30679245,54.45753846,56.78675,60.35612903,60.25487179,55.45203704,53.8137931,54.14041667,59.2775,58.37419355,56.16207547,50.40924242,51.18723404,-37.72806522,2193,144.79791
58.45066667,56.472,56.03782609,51.50011494,58.85888889,57.59583333,58.53277778,45.78409836,53.00207792,49.88391304,1,59.27193548,65.5316,49.79345679,49.86296296,48.09482759,64.73944444,59.036,51.10060606,50.91776699,51.29,54.58214286,61.27102564,50.36025316,42.98169014,57.81137931,-37.72775748,2265,144.8142745
47.75440945,44.51321429,39.21156627,36.52108844,44.6392029,46.8294898,46.24234234,39.2913125,38.37396825,41.5497619,1,49.1808547,43.88736264,38.41463235,33.76470588,40.57678571,49.22689076,45.33303571,40.8820098,37.70007463,42.31758929,50.2451087,42.06890909,41.9748538,35.81304348,43.83693548,-37.72941965,2268,144.8141555
7.89,68.93,51.92464286,32.72625,44.584,102.745,43.02,60.635,59.93,46.95833333,1,64.655,61.74,38.2,40.25176471,57.7025,84.41333333,45.42833333,45.77181818,42.711,65.85333333,55.95,55.16,49.05571429,40.62923077,59.456,-37.70087744,2274,144.8021467
53.79818182,47.50142857,43.22586957,38.89452381,45.25782609,58.57777778,42.287,38.67411765,43.75777778,49.70105263,1,57.771875,48.86166667,46.93468085,45.15324324,45.37586207,53.9435,38.90866667,42.295,42.4956,54.6947619,50.28555556,45.198125,45.98179487,48.18382353,46.42684211,-37.7034429,2285,144.8017755
65.63538462,54.9,46.69230769,48.4055,52.2103125,67.65705882,52.85055556,50.98314286,50.95230769,53.9615,1,58.37875,54.33684211,52.99233333,52.81333333,54.57571429,60.83,58.4344,50.86485714,50.09347826,51.31173077,63.442,55.09176471,55.49814815,49.1721875,48.47457627,-37.7254608,2287,144.7813199
62.90164706,51.072,41.79070175,44.52122807,52.76568182,63.06067797,46.37266667,39.71655172,27.14026316,45.57735294,1,59.9738961,45.70393939,24.81125,28.35947368,34.9804878,59.25773333,48.7372549,28.20472727,27.39785714,52.65979592,60.34137931,46.62174603,30.95924051,30.52,42.37909091,-37.72440515,2288,144.7811835
60.40689076,58.08472222,54.68372781,53.04985294,48.85244275,63.83447059,55.80104348,53.89592593,51.42560345,46.73059701,1,64.0847619,58.61527473,53.48559441,49.56669421,47.66434783,61.46201835,53.4022549,52.7890625,50.72353448,46.63435185,61.61289157,55.76086957,53.60126437,52.10902655,44.76387387,-37.7284768,2309,144.8053138
54.82916667,57.49326923,56.61351852,54.39025,49.69833333,56.21230769,58.32423077,58.9775,54.19918367,53.68228571,1,58.005,58.66448276,54.1244,53.00252874,52.638,55.50086957,61.23805556,53.915,52.44572727,50.25513514,58.91761905,64.13,56.27372549,49.31763441,52.32636364,-37.70784728,2347,144.876778
75.17431034,71.52877863,68.38460674,70.97128,72.49,74.93712121,69.90688,59.18553846,60.72601504,74.60347368,1,74.25740741,71.05482456,59.72235772,59.20868852,71.53166667,73.66843137,64.4996748,64.3510929,57.03210145,74.20823529,75.37387097,72.31464912,63.27516779,62.15620155,73.40882813,-37.64492597,2354,144.8363963
78.50176471,78.86,78.134,78.03622642,79.24116667,78.34666667,79.25279412,79.4636,78.7422973,80.14206349,1,79.55564103,77.2825,78.63254902,77.21948718,76.09697674,76.8175,79.57078125,78.93170213,81.31857143,78.91175439,78.5383871,79.51721311,80.08789474,78.69377049,79.01196429,-37.65325661,2355,144.8427113
55.61066667,58.63625,53.15835821,47.91927273,42.84311475,61.02318182,56.41882353,53.35428571,49.48904762,50.70830508,1,56.43709677,61.06926829,51.91692308,46.22403509,52.67439024,55.53965517,57.90022727,54.14901639,43.80566038,48.67191489,55.645,55.51861111,48.12967213,44.59516667,44.83509804,-37.72886143,2379,144.8077017
61.5369697,60.60774194,58.90714286,58.71439252,59.33390476,63.46229508,61.75200692,61.79488688,57.08116279,58.24421053,1,57.82931034,63.15043478,60.80572581,59.35376344,57.511875,62.09258065,62.55448276,63.31172185,58.075,60.13033708,56.36454545,63.35647482,60.6224375,58.23196262,60.22873563,-37.70785291,2449,144.8757076
53.18883721,46.51145833,43.94285714,36.91508197,37.92915254,59.28216216,50.15521739,38.31634921,31.79256757,34.64644068,1,56.92785714,48.02571429,37.93349206,37.88472727,33.24675,57.214,48.25446809,47.50242424,34.36909091,37.03134615,57.22190476,45.285,35.7174,38.02866667,33.63673077,-37.69621306,2450,144.7755455
45.81052632,46.26252747,43.1694709,41.11220884,40.59399038,55.71884615,48.12793478,44.77819048,43.21315385,42.90483092,1,49.287,47.32729412,44.7047651,40.65557604,40.0176,50.22774194,46.21392593,43.41529412,41.00732759,40.72739316,51.54068966,46.75229885,43.03251163,41.17596708,40.49729614,-37.70928413,2460,144.8600202
52.80142857,49.95625,60.295625,50.2703125,52.51421875,49.67769231,52.70666667,59.32435897,49.28768293,50.36421053,1,51.312,57.31085714,49.78948718,51.48463768,48.66459016,53.17363636,58.00425,52.08466667,47.99268817,49.99261538,45.59913043,52.86470588,55.17041667,47.25202532,52.20941176,-37.7085586,2462,144.8834929
50.3162,45.53064516,44.59573913,37.68302817,42.38060773,50.5075,47.05014337,46.92370833,40.98156716,42.6731383,1,49.11069767,48.29169014,48.27112903,38.06026316,43.83845745,47.68980392,46.76408602,44.58023622,38.08208054,42.26577778,52.47375,46.64532609,43.79596491,39.62829787,43.15788288,-37.70964291,2464,144.8597314
59.36154545,48.80061728,43.80175824,42.68819355,53.20691824,60.00810345,50.32234375,37.62313433,32.48765766,55.19101449,1,61.07898148,43.67481481,33.18402174,34.66616162,48.77860759,60.27576923,46.3776875,36.06266667,33.51007246,51.2325,63.0395,45.49424,37.82844311,33.92251799,51.31790123,-37.69802497,2534,144.7848234
50.49294118,40.66112903,30.312,30.90133333,37.3894382,48.22510638,39.9808642,30.09515789,31.49574468,40.15145161,1,41.12825,39.16166667,32.95416667,28.97945652,33.33271429,42.85441176,41.04688525,28.74513514,29.71144737,40.50803279,39.3115625,37.43656716,32.23617647,28.62542056,35.30905405,-37.69754209,2535,144.7816432
66.89516129,51.02479452,46.17526596,43.92950413,59.46609272,63.34519084,58.06120968,39.55560976,33.89959596,60.85356061,1,66.46162162,49.81633929,39.65317204,34.5744186,55.75593939,66.24509434,50.65424242,38.17227979,33.54430894,58.75224359,68.7595098,51.46932773,40.74858025,37.46173077,60.98612245,-37.69852999,2546,144.7871472
62.90326087,57.4884127,54.8161194,43.96816327,46.32518182,64.93122807,62.41844444,55.78408163,40.22679612,48.69168831,1,64.20088235,57.98043478,53.89871287,42.77136364,47.50732394,67.43911765,62.46537313,48.39755319,44.68161616,46.69103896,57.77977778,59.33243243,52.68108696,42.45575758,44.30631579,-37.69863598,2547,144.7866797
68.78157895,48.86866197,44.32596491,36.03063636,59.52956835,70.20546218,49.59767857,36.36130081,36.835625,59.41106557,1,70.08084112,44.0790099,38.04044304,28.41545455,54.39746835,69.83821053,44.74098684,38.4860625,33.04571429,57.95761905,71.44264706,50.33756303,37.60170213,32.8402,58.50102041,-37.70029097,2548,144.7952442
71.81769231,72.21175439,68.69803279,62.21227273,69.57219178,71.445,68.77546512,69.71157303,64.29516484,66.96527273,1,73.55,70.03904762,68.66030612,62.70786667,65.43230769,71.81060606,72.96637931,69.955625,65.11870588,67.49519231,71.06473684,69.80783333,66.16607143,64.4404878,63.2615,-37.69971039,2550,144.7916316
61.85080645,60.6882716,56.23326316,54.50777778,58.14767442,59.92014493,59.8925,59.51715447,54.74094488,56.62215909,1,59.18083333,58.18727273,57.36340278,54.10222222,58.56469136,60.3484,56.40407895,59.52657895,53.31552381,55.49523256,59.8972,56.89903226,57.62732143,54.75488372,54.1809375,-37.70141501,2573,144.7993018
64.38858974,50.23565714,43.96530172,35.80434783,56.3980625,65.06,47.24888235,38.18644444,33.93357724,57.89655629,1,62.48527027,44.80559701,38.4656621,30.50170213,54.48564103,62.74651163,45.4117801,38.53188341,32.93019737,55.96331492,64.62435484,50.88435583,39.20354978,31.25788462,54.83235602,-37.70064174,2586,144.7968734
60.34666667,47.81483146,46.57632258,44.35434426,43.79357143,56.39090909,50.47315217,46.32165919,45.42649819,45.38871429,1,43.83818182,49.01811765,45.22384106,44.47055046,42.60646154,50.63791667,46.66706349,46.34393617,44.73004184,44.41114407,52.06208333,48.79206522,46.28096939,45.30130435,43.66110619,-37.71173607,2594,144.8596342
50.8042,46.41742268,45.20507463,41.36780702,44.00226316,50.3857377,47.35586667,46.90007547,41.75146341,44.62448649,1,50.1462,48.13716049,49.95128205,39.71396396,44.48605556,48.78301887,47.81314286,45.27191176,39.92661972,43.99331776,50.34895522,47.16861386,44.60538462,39.88601064,44.53355856,-37.70949937,2600,144.8598219
48.81972222,44.21,48.64636364,40.51245902,44.88226891,51.73609756,49.38564885,48.27285714,40.6318254,42.78041322,1,44.1772,45.26862069,44.8974359,39.87404959,43.22282258,52.0244,42.86104167,41.01833333,38.95565517,44.16496403,48.73033333,43.28061538,43.92041237,41.74540373,41.24059701,-37.7067357,2609,144.8668629
44.65818182,50.04559322,57.38375,44.052,46.16554217,58.88166667,53.07586207,55.51791667,45.57181818,49.87855856,1,48.34363636,54.11147059,49.22653061,43.20472222,46.63905405,46.20346154,46.995,50.163,46.14190476,45.31516484,44.17045455,47.47242424,48.75310345,46.85157895,47.94716049,-37.70718966,2611,144.8709126
50.48979381,42.84851563,33.51392308,36.06022059,40.61491228,52.21175824,39.95401786,30.38362069,33.55296296,41.02114286,1,52.6846,37.06091743,29.66503268,30.37186047,41.88808219,54.88197674,32.60686131,31.98006452,33.27990291,40.63039683,52.96462366,39.02243243,32.3806993,32.95131579,39.24769231,-37.69702777,2614,144.7802283
45.987,51.41735849,48.43071429,40.34545455,40.35555556,47.3397561,48.79772727,48.89945652,42.3379646,43.31429577,1,48.60041667,49.72709091,44.95072289,39.31807692,42.46041667,48.67058824,48.86745763,46.86807229,42.47989362,41.96496732,50.65333333,50.02122807,45.33822917,40.21490385,41.18589744,-37.70622702,2625,144.861228
65.46896104,49.93601695,46.81886179,44.23921875,45.21934959,63.44225806,47.08787611,42.81619469,41.73593407,50.46518868,1,61.97666667,44.78480392,33.60776119,39.78222222,46.54335938,67.11623377,48.54536585,37.74084507,41.11183486,50.32324561,63.44735632,47.47603604,33.55014388,41.91201835,48.11275591,-37.69520319,2626,144.7716196
45.99655629,43.90942387,43.13505415,43.37778947,44.47296875,47.8715625,42.32416851,41.01764398,41.38211073,43.53606383,1,44.96754011,40.22668831,40.66150502,41.20540925,43.178,44.1701227,44.3984058,40.80990712,41.92567251,44.08363139,44.81943503,43.87871795,39.78778761,44.09806971,41.44839527,-37.70833565,2629,144.867058
63.0228,53.19791667,58.74114754,53.03873786,55.53082474,60.5037931,59.41382143,57.65832536,55.85884615,55.82791045,1,58.67862069,60.6652973,57.64973913,54.92233333,53.08309091,61.52875,59.96819277,59.78219858,50.1890099,54.15115385,61.97888889,57.41346939,59.55509934,53.01925234,56.296625,-37.70856389,2634,144.8813265
74.44612245,74.0695082,74.40320513,69.22698413,67.99070175,70.93849057,72.04859375,73.42958904,73.06978261,70.57358974,1,76.19206897,72.83140351,72.184,72.71666667,71.02303571,73.04575,74.81067568,73.3274359,68.63169231,70.01783333,71.2605,75.18639344,74.31507692,71.40878378,68.95149254,-37.66023372,2654,144.8840639
75.83081081,76.16710526,78.42307692,76.02285714,74.42848485,76.134,76.41394737,74.40222222,76.5124,75.83533333,1,74.80631579,78.58517241,71.53103448,79.52478261,71.17575758,75.65592593,75.16255814,73.43681818,74.71813953,74.81116279,75.8337037,75.9375,72.70288889,71.33977778,72.5465,-37.64735755,2664,144.8797306
48.65735294,44.36607143,44.44506329,44.03794118,39.70256757,48.06166667,52.20774194,45.42846154,38.54959184,40.58822581,1,50.94035714,48.13753425,45.58150685,44.10614035,38.3678,50.43035714,50.03457627,46.80987952,43.03268657,38.43958333,51.56208333,49.62875,47.62914634,43.69917808,37.92948052,-37.69278831,2967,144.8814487
36.08295082,28.04573171,32.96302752,27.36718182,25.67247619,33.681,31.54939394,29.92874074,28.63929293,31.34897727,1,38.59622222,31.7087931,31.75570248,30.73752688,28.74560606,32.62710526,29.49367089,30.84684685,25.27283951,23.87607843,36.995625,30.55084112,29.54754545,24.73633663,24.60743119,-37.69915909,2971,144.8804178
50.62346154,48.10507042,49.81428571,46.325,46.40626866,51.61176471,51.5865368,50.47211921,45.94655172,43.92061538,1,52.10756757,53.4012766,47.03766129,46.24805195,46.67914894,48.96521739,49.8069697,49.09740741,45.87679012,48.58296296,52.13944444,50.89016393,50.62462687,46.52538462,48.68225,-37.69605237,2972,144.8772304
49.684,51.2956,49.94568966,45.72095238,51.51214286,45.69866667,49.95605263,49.0990566,51.29137931,50.1497561,1,53.53545455,48.09458333,50.66016949,53.4485,49.43655172,54.22285714,50.47756757,49.23074074,49.18184211,51.43830508,52.74210526,55.25083333,51.04320755,48.7708,48.65367347,-37.69241061,2973,144.8738786
50.44,51.68071429,52.06145833,44.49698113,56.77813559,50.80034483,49.23681818,46.57894737,46.11153846,50.90358491,1,48.56863636,49.61709677,54.00369231,48.11705882,54.43068182,52.725,46.83538462,46.58220779,48.19175439,50.16083333,48.08371429,46.34603175,50.79796875,52.22883721,55.02015385,-37.71211903,3157,144.7784943
41.6702381,39.51821429,43.56875,43.7852,51.39594595,46.66137931,42.9664,47.34386364,42.2493617,53.64911765,1,41.155,47.26352941,46.45777778,35.30589744,46.71192308,43.31846154,44.9772,47.22267857,44.56833333,49.22560976,43.95909091,43.11521739,47.33961538,43.17245283,50.98775,-37.70974689,3167,144.7777974
59.56,44.56,42.6434375,35.62457143,37.50230769,45.61666667,35.30470588,34.92390244,32.433,31.835,1,49.20428571,29.53214286,41.94605263,32.70261905,42.68235294,40.68625,45.10090909,36.74594595,40.784,45.03625,45.36333333,41.23230769,40.49697674,35.92636364,41.32323529,-37.69717726,3182,144.7811973
32.81064571,30.61378632,29.96073973,30.04240617,30.0667394,33.17866982,29.87864543,27.55968709,28.42062417,29.96311724,1,32.9646384,29.73532264,28.41237975,29.09420303,30.03048166,33.45343006,30.08630158,29.5711774,29.57512338,30.0762468,33.07414516,30.81172018,28.47302465,27.3774359,28.95463217,-37.67452137,3209,144.8520597
44.72762836,46.19426029,47.66622673,48.90212668,51.32119254,36.23532587,30.59474982,37.56573686,49.65750136,54.30934515,1,39.43756061,35.10622167,41.71021595,54.65559553,60.08075671,43.49935685,39.77336891,44.13121116,51.29531532,57.51523156,41.63010363,36.6724656,42.7038152,52.55305124,51.10040202,-37.67354946,3213,144.8517394
53.86524752,51.17678899,38.92828358,36.67747253,44.24818966,53.49840909,51.43210526,38.22841727,32.90639535,44.89988506,1,53.36536082,48.6525974,35.32940678,26.82061728,41.95816092,55.84621053,49.57148515,38.29827338,30.5089011,41.7326087,57.135,49.32383838,36.58904412,29.4976087,44.23977528,-37.6789386,3219,144.8841259
61.2953125,51.80268041,43.63478992,40.30987952,48.64504505,56.86341463,54.81822222,40.8751938,32.53407407,47.71230769,1,59.85072165,53.55578947,37.33561404,28.79761194,45.25971831,58.8709375,54.44613208,41.7775,33.94921053,47.137,63.3790625,50.6627551,39.64174603,33.13095745,48.8291358,-37.67794293,3221,144.8843061
49.67428571,43.79931034,44.82682927,46.61051282,48.61385965,50.18791667,42.42155556,43.4456701,45.60949367,42.76132075,1,47.31090909,46.38652174,44.82962025,44.39923077,45.37072727,45.02636364,48.17469388,44.5608,47.5675,43.224,50.29421053,43.77510204,43.05176471,44.13746479,41.17576271,-37.72940038,3233,144.8159963
68.34,70.39583333,51.3104878,60.31567568,69.6834375,69.13,66.83117647,54.44865385,58.13810811,67.88947368,1,69.69727273,70.55736842,50.55542857,55.75515152,65.925,68.78,68.98352941,50.61886364,62.68942857,65.91346154,70.91363636,62.276875,56.07186047,61.74615385,66.74846154,-37.71338013,3242,144.8036796
65.81421053,55.00216216,49.82421769,49.63630435,49.82025641,63.90060606,55.92611111,51.41708134,46.79021978,49.91936364,1,56.09470588,56.09914286,53.2697931,43.90307692,47.16604278,63.36846154,54.03927273,53.38847059,44.38124,48.29511013,62.0188,53.75873418,52.23142857,48.45671171,48.87857778,-37.72205623,3255,144.8506503
74.52769231,68.63241935,68.03032258,67.06756757,60.75388889,75.98454545,68.2664,66.13096774,64.70544118,65.11680851,1,71.21666667,69.535625,62.45370968,69.57422222,64.59794872,73.65333333,65.43765625,64.13962025,67.13676923,62.0353012,68.61347826,69.48510204,65.92972603,66.84985294,63.37952381,-37.73252801,3264,144.8506938
54.9525,50.65,48.7966875,48.09584034,46.47984127,55.62967742,50.05413793,49.95404651,48.18535581,47.72464115,1,53.68230769,51.56460526,49.54708333,48.00257576,46.86225806,56.59,50.81408,49.57602339,47.57531746,46.37263158,57.0035,54.40127907,50.36456522,48.26691304,46.6944843,-37.71371998,3265,144.8592811
57.0938,61.15444444,58.05944444,55.08214876,56.0762963,63.28589286,58.58612319,55.79556561,55.87882353,55.0522093,1,63.79095238,59.33384615,57.72830189,54.525,55.07685185,64.06169811,55.40009804,58.81368421,53.95915254,53.7966129,61.00465517,57.79304348,57.70517647,51.59122093,53.38103261,-37.71480994,3266,144.8588792
38.814,41.0255102,30.20205882,27.29089655,31.155,50.51129032,37.5854902,34.57607477,29.11512821,36.29792683,1,48.46916667,32.22843137,29.68776471,25.82573913,29.70701754,44.35153846,31.10166667,30.86715909,28.45691176,32.07605634,44.83846154,38.398,36.04968421,28.73471545,31.46123457,-37.72513355,3270,144.8497313
52.67088889,52.6640678,50.53188889,45.1540404,47.19341463,50.76659091,50.55741667,48.03179688,44.18733333,48.42,1,51.76928571,48.01441176,48.01179245,46.86289063,48.94797297,53.33945946,50.1547619,50.76927273,48.47779528,48.35663934,49.85107143,47.27934426,48.37705357,46.03,49.65490196,-37.7160511,3271,144.8764135
44.15333333,43.09897436,40.05643678,40.30974359,41.76413793,40.734,40.64465116,37.31453333,40.10283333,44.12382353,1,43.6525,41.00972222,42.12844156,35.88958333,41.5775,39.55444444,46.53489362,41.26852941,36.61928571,40.66268293,45.8448,41.39914286,40.73068182,38.35694444,42.78666667,-37.71009624,3315,144.7776362
68.77629032,70.28453333,67.78269231,64.80488,64.51924242,69.62440476,66.48484375,68.75170732,65.00865546,67.06731343,1,69.0172549,68.65709677,66.53921569,64.06919643,65.47103896,68.63895833,67.74666667,66.63929687,64.66916667,67.929,67.31933333,65.40138614,67.39598639,63.01852459,67.82393258,-37.70232462,3368,144.8040519
48.25931818,43.87659091,47.46494505,41.49012987,38.84425,57.1265625,47.11986486,46.09923077,39.15853659,44.8546,1,56.4946875,46.4215873,44.9426087,39.71057471,41.72804348,50.04241379,42.78173913,50.20046512,39.62594937,43.79649123,57.80535714,52.47944444,50.89637168,38.48042857,47.95508475,-37.71571716,3401,144.8285191
46.72857143,43.59551724,48.03704225,45.22152941,45.29253968,50.40166667,47.60046512,41.34397436,45.04986486,45.941,1,49.94388889,48.0318,43.32507463,41.87507246,44.56909091,48.40896552,45.95,44.40770115,49.64316667,43.18824561,48.839,44.96291667,45.41142857,41.37,41.27694915,-37.7295635,3404,144.814595
96.6440625,92.83929825,90.29048035,90.11074713,92.068,96.15717391,91.96573099,85.23898618,87.3541129,89.66198413,1,97.02695652,90.77865248,88.77096591,86.52101563,90.31492857,97.29720588,90.88554913,89.35020921,89.76297143,91.06429379,97.91011905,90.35182857,90.36598985,88.58954545,93.38085227,-37.70755385,3440,144.88608
34.25142857,37.03790476,36.18507937,35.61027972,39.29098901,46.29961538,38.10148936,31.53851351,36.8487037,39.01307692,1,37.88375,32.38576087,31.17607843,32.95614173,39.31012987,43.59636364,36.95680672,35.79273333,34.90957055,36.51094737,42.49090909,40.08717391,34.27047297,34.39745223,41.29281553,-37.7266446,3442,144.849643
94.82466276,78.29754941,79.61932234,85.3837797,91.3705,95.33448544,81.80065789,70.31743243,67.29086705,80.32439425,1,94.84891358,75.73871324,70.3300611,60.78420354,76.86417808,95.63929577,78.65868825,71.07916968,63.30068273,83.29615242,95.83405556,77.43618962,71.89481739,74.60868321,87.71223938,-37.71926634,3444,144.871026
54.01061224,49.79,55.6472,50.66198276,49.17052083,52.19012346,51.96260726,50.26985149,48.00042553,45.51617647,1,55.36710526,51.56062147,50.01793651,48.70932039,44.59051282,55.44576923,56.38726316,52.14,50.47527559,47.60252747,51.01878049,52.45146154,52.36853659,49.95991667,51.99588889,-37.70439784,3446,144.8838211
90.32824,58.14830303,59.81722222,74.87189474,87.86759398,89.12323944,55.75654135,46.74514286,51.69663366,82.15636364,1,88.69396694,49.25884956,37.9742236,45.31959184,72.70268456,91.10065421,52.70272727,48.78378698,60.64826531,80.80337662,89.42179487,51.30115108,56.731875,67.79254386,86.35724138,-37.70672119,3447,144.8184092
50.46694444,44.23403509,47.38780822,42.582,45.070625,42.07837209,47.52461538,45.3888785,46.46710744,45.53763441,1,49.09647059,42.93396552,43.92068182,42.26571429,37.07859155,47.07625,44.48264151,40.14670213,42.707,43.32815534,40.69333333,42.91944444,40.75357143,42.36824742,43.31835165,-37.70696725,3450,144.8677898
45.20121951,39.11222222,40.391875,33.15474138,34.73700935,47.56727273,41.95181818,34.20147651,30.93990826,33.66333333,1,39.21675,41.03126984,34.287,28.33056452,36.207875,31.815,45.73126582,37.28428571,31.35408163,35.71378641,45.29641026,41.20402597,38.17957265,31.61658537,35.65932039,-37.70704884,3453,144.8859283
51.5112,52.87836735,46.21206522,43.55951724,39.93538462,45.45175,51.85107143,45.20024876,40.11524194,43.93148936,1,50.8974359,47.75237288,48.02734848,41.44704,45.93208333,47.34903846,49.34173913,49.8993662,39.24634483,46.43174757,50.82214286,49.25561538,47.62143713,39.97581081,47.75184783,-37.70739102,3456,144.8859908
56.99964286,44.34714286,40.44568627,46.27217949,58.68477273,52.14357143,49.88765957,41.24371681,51.93142857,56.3425,1,56.48647059,56.46104167,37.9538,47.36,52.05090909,61.14742857,51.03857143,37.77275229,50.19391892,50.44792453,58.06142857,50.17404255,40.99529851,50.9873913,52.38625,-37.70740017,3457,144.8033182
74.21181818,55.77923077,47.73424242,56.99422222,54.4072,62.99,50.0725,48.47538462,60.57037037,58.38375,1,65.54454545,61.97222222,48.37775,54.62888889,61,60.28181818,55.95230769,49.67,56.366,59.97708333,65.094,65.06705882,48.14511111,54.54235294,62.98483871,-37.7073348,3459,144.8035475
65.751,66.613,50.4865625,45.12131579,53.38085106,72.74142857,56.69454545,51.53395833,40.92318182,52.85875,1,60.03076923,62.65157895,53.03125,40.565625,42.07,64.49733333,64.63470588,49.99545455,50.3446875,50.626875,67.60642857,62.79190476,48.96833333,49.48069767,47.09852941,-37.70867193,3460,144.8038056
87.86372014,87.6001083,86.50072368,86.8453605,86.482,86.97520216,86.63847887,87.49645695,86.1603871,86.37640827,1,87.71811268,86.64211726,86.26031621,86.14170139,85.96020649,86.98450151,85.42941558,86.75192982,85.13303951,85.78193995,87.97613497,88.69066879,87.2345509,86.87274627,87.0899763,-37.70718597,3461,144.8862625
92.42363636,92.53173913,87.03857143,93.46051282,91.59142857,91.6944,93.72142857,93.75928571,90.90421053,91.09096154,1,88.72555556,92.31404762,91.55397059,91.64309524,90.18327273,94.78928571,93.67128205,90.7929,90.78792453,90.44907407,89.97941176,91.32738095,92.34421687,90.48510638,91.21795918,-37.70073964,3462,144.8095437
63.33351351,61.44821782,56.80115152,52.60216049,55.15019737,64.16358974,60.69,57.91834356,56.15428571,55.83424242,1,63.19103774,59.73637363,55.99517241,52.31801527,56.06732394,61.1593578,57.61401786,56.32268657,53.24165468,56.33212389,61.95657534,61.37161905,55.99132948,54.29460317,53.09425,-37.72786479,3552,144.7964439
59.2604878,54.92790476,50.64248485,52.96,52.11064,60.32609756,56.04533333,52.26775641,51.58660714,51.09368852,1,59.69794393,55.78170732,50.65943262,49.97327869,51.79170543,57.65785047,53.73861111,49.90989247,51.07778626,55.33791667,60.45546667,54.98642857,51.76636905,48.34486486,51.00165138,-37.72903162,3554,144.8103477
47.91666667,52.89,48.58304348,47.67681818,52.3608,60.06,45.148,49.215,50.67733333,55.52333333,1,51.491,60.27,44.18863636,52.40351351,48.22055556,47.735,53.37666667,49.1125,49.29814815,55.16173913,46.64625,56.62625,45.928,50.8125,54.603,-37.73445291,3662,144.8648062
60.0875,45.11333333,53.48615385,50.36692308,52.36521739,62.9875,55.91769231,53.945,50.82083333,48.07642857,1,73.19,55.65083333,42.947,49.25363636,54.2352381,51.01666667,53.50636364,55.73,50.16416667,54.69857143,52.7125,52.09,60.82857143,50.28866667,55.41666667,-37.73247489,3663,144.8651542
55.67555556,46.46888889,46.72352941,44.04923077,42.10235294,36.98833333,37.75333333,49.16692308,37.81461538,44.46941176,1,51.01,48.69666667,34.029375,45.19701754,46.81176471,47.34307692,45.39625,47.74076923,41.24513514,48.07464286,39.24076923,44.265,43.62888889,47.07692308,45.33875,-37.73650511,3664,144.8644556
58.23285714,48.3924,49.55929825,30.15880597,40.33193548,53.929,46.91894737,48.57169231,30.54197368,44.54731343,1,54.66115385,45.43611111,50.31066667,31.10305882,40.94890625,57.88272727,48.88045455,46.24833333,29.18178082,41.21222222,51.61615385,45.57380952,48.95644068,33.33048193,41.90516854,-37.7348665,3725,144.7806596
59.46625,58.67153846,56.50988095,43.53150685,52.21086957,61.28818182,62.36590909,55.84787234,39.62238636,53.30817073,1,57.49333333,59.555,54.2215,32.03438596,50.30039474,56.92785714,57.80294118,53.9626087,37.93564706,51.58654762,62.04375,58.18090909,52.52064103,39.41911111,50.41841121,-37.73148631,3726,144.7813402
85.44159341,70.8281565,69.86857826,76.85295318,79.52367683,85.68520567,69.10463124,68.60275676,74.07764331,78.72901541,1,86.46243286,68.40879261,68.54518225,75.79824074,78.23976127,85.49017212,69.64647376,70.42785806,74.94025,77.98631882,86.36058621,70.46535939,70.21435995,75.39400896,78.55453232,-37.73534365,3753,144.8526346
43.43078431,42.54263158,44.90942308,43.77387097,46.67461538,45.11457143,53.30695652,44.31916667,47.96,42.56166667,1,41.3284,51.03923077,44.99965517,47.11123077,43.00093023,48.8638,49.28589744,47.03818182,47.76691358,42.75302326,43.86066667,49.081875,44.91102041,51.3508,50.12675676,-37.73001287,3765,144.8156367
59.94434783,59.9025,54.14391667,52.66057377,57.55333333,57.27263158,61.13157895,59.63075,52.49144578,56.73546763,1,61.88363636,62.11857143,58.909,52.28358974,55.69015385,58.42935484,58.85535714,56.54875,50.13966667,55.07673267,56.76529412,61.903,59.05023529,54.07877778,55.04314286,-37.73652054,3781,144.8209135
63.13699029,57.64582609,54.763379,52.22407407,54.24111111,67.03055556,54.75467213,55.24525253,53.63442308,55.74343023,1,65.20921569,56.00838095,52.73300546,48.57580311,52.67932203,64.1211,56.26733333,55.89004065,51.58907104,55.93352,65.71602941,54.96881356,55.7520283,50.52670968,52.75586207,-37.72769425,3802,144.8203793
53.55795918,53.97829268,53.08309524,44.70531915,52.3922807,55.04409091,48.9936,51.08263158,45.46384615,53.16863636,1,57.61577778,52.65925,49.11485714,43.45108108,58.06954545,53.34244444,52.25822222,45.05255319,48.18576271,45.9075,58.39171429,51.060625,48.53571429,47.00265306,48.265,-37.73319952,3819,144.7812194
58.01,56.61830508,55.01836735,37.16298507,45.88107692,59.65666667,56.56475,54.84773585,40.702,48.37045455,1,59.53645833,57.65878049,49.03607843,38.19480769,54.17939394,56.50307692,55.6854902,49.71072727,36.69245614,49.2942623,57.58594595,57.55725,47.37693878,42.8785,49.47719298,-37.73577783,3820,144.7805951
38.63857143,34.1,42.83652174,36.467,39.95454545,38.265,44.794,44.20434783,36.50555556,48.8475,1,44.74714286,45.00181818,40.1505,46.06894737,40.93363636,35.718,43.85333333,43.97391304,38.41285714,42.99666667,48.93666667,38.1525,44.84363636,41.51782609,42.39722222,-37.72991585,3904,144.8661246
53.825,35.29,27.72375,33.70178571,48.1295,77.53666667,52.39705882,54.21545455,26.336,33.11785714,1,57.5325,55.65875,30.93583333,53.26866667,38.42636364,42.14666667,40.1,40.4975,44.87666667,42.24588235,34.75666667,61.4725,37.30916667,39.93,39.19933333,-37.72906702,3905,144.8696101
88.63534091,58.13204198,47.57901387,46.07796557,74.48009383,90.78754352,63.57073529,42.66879365,38.5607362,59.41477545,1,87.92340426,57.52438898,40.3621611,36.05961165,56.15376068,87.6683038,59.27351613,43.75335088,38.06524011,59.70162311,85.14476543,60.18272251,42.38727113,41.22316667,60.01321377,-37.73371966,3912,144.853459
52.25,51.37709677,55.99264706,44.6855102,45.18574074,49.75434783,56.45521739,55.06204082,45.07666667,46.80013889,1,54.63384615,53.5464,52.95725,42.14705882,48.36333333,52.98608696,50.50961538,54.42196078,44.36386364,49.325,48.96222222,50.86961538,53.6338,47.2703125,50.5631,-37.7145905,4118,144.7797717
64.55181818,68.00487805,69.56867925,66.2726087,66.88853659,67.94939394,67.8134,67.17307692,68.30867647,66.00146341,1,68.53421053,68.19136364,70.05625,64.26293103,65.82131579,69.98869565,67.73125,69.23102041,62.16970588,65.52209302,68.16411765,70.16325581,66.5806,68.85032258,67.0028125,-37.63561308,4275,144.8875231
62.24243243,58.25176471,57.26142857,53.59180556,56.91380952,58.40536585,60.13678571,56.45726027,52.3015942,57.45611111,1,60.434,54.59512195,56.52469697,52.04753623,55.8015,59.26791667,57.70052632,55.47987952,53.99816667,56.74413793,59.27195122,55.315,55.56320513,53.20888889,56.31852941,-37.63515536,4276,144.8837946
77.47492308,77.5277305,77.6373057,73.44753846,71.84446154,73.15790698,73.19426471,72.13129771,58.28929936,71.1262963,1,70.97411765,76.39062992,73.84692308,71.84057554,73.16548077,71.16666667,76.31186567,77.24044444,73.14913043,70.07976378,70.15857143,75.06161538,73.98011494,74.08283784,72.43088435,-37.66595428,4347,144.8557271
86.54892009,78.5690604,76.67913374,79.91693351,81.54294233,86.3983179,78.24175866,76.11080745,77.80112275,81.31957404,1,86.93687606,76.56862355,77.77900722,80.072256,80.67695209,85.42633721,77.70459969,77.61748784,79.15493252,80.42043238,86.60756144,78.59458861,77.69052388,78.29241873,81.43679721,-37.73331381,4705,144.8534251
92.37147436,90.05922813,88.36665158,89.44046802,90.02254507,91.89102339,90.60887324,89.00971386,88.89481301,90.67989339,1,92.41178388,89.6026875,88.70344406,88.04456418,89.31996736,90.81998099,90.36816879,87.53839063,88.1760787,88.93999022,92.09152727,90.05385432,88.94606188,88.51152909,90.243358,-37.72253693,4706,144.8664073
76.54972973,75.388,73.64486486,70.97676471,71.65133333,74.79657143,75.36538462,77.80571429,71.29086957,72.88125,1,70.23894737,74.20516129,70.8172,71.04833333,71.77551724,73.4025,72.81452381,74.43209302,72.27609756,70.63157895,71.35962963,72.80129032,72.12826087,68.46071429,72.05975,-37.64352308,4937,144.8802353
76.35261905,75.61165049,72.96101124,75.28316667,72.33684211,75.24847222,74.45987179,73.13681818,75.37492308,72.96671875,1,77.64260274,77.36546667,73.40828947,72.05132075,74.57150943,76.04035714,78.29684783,74.00927835,65.58676056,72.30625,76.55428571,76.78925532,69.30923077,69.40121622,74.22426471,-37.64636592,4948,144.8800998
76.70777778,76.04469565,72.63163043,75.21569444,72.46517241,74.43141026,74.71433735,73.77075472,75.78632353,74.47452055,1,78.10935065,77.41056818,73.08894737,72.024375,75.35059701,76.74195876,77.88866667,73.0775,62.12730769,69.85319444,77.36191489,77.07394231,69.75148148,69.51946237,73.84126582,-37.64729783,4953,144.8799641
53.90530303,47.75138298,48.62745455,45.68352459,38.90548148,52.04303571,51.776875,49.74007937,46.90945946,41.6496875,1,56.20206897,43.66157143,45.59617187,42.78557895,35.92864198,50.13083333,45.78428571,50.22008621,43.55398148,41.3521374,52.14727273,48.97942857,46.64243243,44.7697541,41.56133858,-37.69186324,4960,144.8818324
76.48153846,76.52425,75.65363636,75.07393939,74.40272727,75.84444444,75.8975,74.22828571,76.3288,75.19896552,1,74.78263158,78.3083871,72.56074074,77.3672,71.34548387,76.30269231,75.40166667,74.25302326,73.91391304,74.61511628,75.3675,75.65875,74.41568182,72.62674419,72.26555556,-37.6498065,4961,144.8794117
80.29922897,78.59869427,75.04139276,77.18830735,78.31424731,80.92124352,78.10146429,74.38479365,71.92892276,77.32615517,1,79.14877193,77.77946004,72.95489567,67.10712575,75.54138182,79.8066205,78.04649275,76.01972081,73.76403162,78.66560764,80.08423529,77.14198291,75.1857377,74.90644135,77.78058076,-37.72357264,5466,144.8440899
70.34363636,75.50714286,62.32918367,58.53186667,64.94555556,72.57,63.4575,58.8792,54.0346875,62.79625,1,75.87318182,63.35375,58.30327273,56.93394737,62.45083333,63.01888889,65.235,57.87766667,61.20783784,67.20666667,76.7075,64.76083333,58.34758621,53.85,62.29375,-37.72260774,6021,144.8069954
60.84363636,58.49875,61.05428571,60.52061538,58.5748,63.08555556,48.46666667,60.87176471,59.85425926,61.909,1,70.2404,54.23785714,54.29285714,59.06076923,59.14172414,61.84789474,50.12190476,59.81910448,62.42521739,66.07514286,72.51833333,52.8836,59.83224138,54.96333333,63.53428571,-37.72350246,6022,144.8083036
56.95538462,45.66294118,59.62228571,46.33233333,40.29513514,50.66454545,57.1875,56.59055556,49.84736842,50.49589744,1,61.58727273,54.08,61.64857143,46.44806452,42.94727273,54.79533333,47.52294118,58.36324324,54.83125,53.71521739,55.37,58.1675,58.08,44.3846875,57.12681818,-37.72341397,6024,144.8078973
68.15692308,64.17823529,63.07432836,61.49602564,66.9764,64.2175,63.11882353,58.34767857,60.9575,59.14772727,1,67.14,70.715,58.68082192,59.01589041,61.59592593,67.34157895,63.76375,57.19015152,59.27142857,59.65885714,65.42818182,71.3590625,60.59191176,57.03704918,73.1924,-37.72646862,6030,144.8125997
74.30363636,63.71555556,58.34586957,44.32306667,63.72,50.48454545,57.10333333,55.79520833,48.63421875,59.31625,1,64.122,71.914,54.88232143,45.85835821,61.85794118,67.82357143,57.655,57.77481481,49.84772152,50.78095238,66.13166667,62.88375,56.26193548,48.45915254,60.48,-37.71343597,6034,144.8038739
71.33058824,52.03461538,46.42694444,40.05434343,57.66272727,51.834,54.61333333,46.4676,41.223,54.15454545,1,61.79833333,65.0175,48.15081395,41.163,50.72302326,67.931,55.416,48.55511905,45.1454,50.30966667,66.26571429,49.44541667,47.59578313,42.02051282,55.654,-37.71458652,6046,144.8037052
42.72054688,37.15673203,32.4291,31.12472222,30.2396347,38.76482456,35.95106918,32.76907407,31.55623656,31.98231638,1,35.78074074,37.39338983,29.81151351,28.97290123,32.04769634,36.89159574,38.25810976,31.29207071,29.13495455,30.85026178,41.5747191,34.71872727,31.64278947,32.37328042,29.98382653,-37.68819977,6146,144.8822684
58.88030303,53.95159091,46.61742857,47.09828571,48.52222222,54.65266667,55.04333333,51.41518519,48.17863636,51.59633333,1,59.98,50.07413793,44.25923077,42.08285714,47.01393939,55.94153846,49.39116279,48.86333333,41.64037736,45.6302381,54.05615385,56.46805556,51.79432432,43.38948718,52.29,-37.63503344,6173,144.8813384
60.3525,47.538,60.42272727,59.23333333,61.688125,59.0875,66.306,55.27526316,61.70083333,56.3508,1,64.7,64.2325,61.995,62.34266667,71.58363636,64.44,68.62894737,60.298,69.35068966,60.074,46.96666667,63.90333333,60.69862069,61.94884615,66.0844,-37.69122056,6199,144.7839563
54.66051282,49.06,45.37692308,38.24194444,41.36724638,58.50394737,46.98243243,43.16396825,40.49223684,41.38847458,1,53.65071429,47.06767857,42.55939394,43.02254237,38.1145283,45.49322581,49.46830189,42.25098592,38.27873239,43.09177419,49.37137931,48.56637931,42.9340625,37.252875,43.57,-37.69704483,6206,144.7793604
50.71428571,49.275,50.61666667,62.774375,54.92466667,54.22571429,52.17846154,42.7172093,58.63666667,53.78238095,1,77.97714286,64.77928571,45.94,53.7745,61.35,67.74666667,54.63304348,47.10176471,58.74097561,52.53045455,74.03,52.25166667,48.25095238,52.85666667,56.68916667,-37.68816723,6208,144.7853911
62.06066667,51.90217391,60.17208333,53.81714286,56.72961538,58.40913043,58.8878125,54.58172414,55.69551724,58.01321429,1,64.52428571,61.38192308,54.04466667,51.3528,62.0536,61.81230769,60.01483871,51.24076923,60.14357143,57.23625,57.92142857,59.1912,55.74395349,50.86138889,53.99333333,-37.68791662,6209,144.7854627
102.4017419,102.2002907,96.43240876,97.162,99.33064516,98.70142857,98.24798851,75.14032258,51.41286624,98.3554717,1,102.8191139,99.54330769,69.83953642,74.7637037,98.34611111,101.1713095,103.5147179,93.73126506,87.86276923,97.23855556,100.6525,101.2391477,92.11309353,85.55425926,97.87914894,-37.68222578,6298,144.7807823
97.31909091,97.23194805,90.76144444,96.84426966,94.19352113,96.72444444,95.884375,97.27366667,94.1584127,94.54245614,1,94.5508,93.96797753,95.56242188,91.89970588,97.96828358,98.69916667,95.34461538,94.89223077,94.94385542,94.921625,96.09793103,98.03191781,94.84015625,95.13827586,95.66411765,-37.68404757,6299,144.783118
88.97906593,69.3751773,65.03319853,74.00885057,84.95850467,87.52089474,61.29544747,56.11784483,58.31117647,80.69411765,1,87.0588,58.79989899,53.97605042,52.78482759,71.63635965,88.55166667,64.88425993,61.58602649,61.7184153,78.14659176,86.79704819,64.91457265,59.4502952,63.69359223,83.56007874,-37.71137925,6301,144.8294179
48.73951613,43.53712329,38.97516854,36.01652174,35.58803419,47.82290323,43.45355932,41.53342466,38.26431373,36.72155556,1,43.71827586,46.63139535,33.33791045,37.05410256,36.91895349,43.71325581,45.88477612,37.53833333,37.87598131,36.98457143,48.55434783,44.446875,38.72036364,37.23086957,36.65088496,-37.68934703,6359,144.8820693
56.59692308,62.76933333,62.25609756,62.27897436,66.84722222,64.385,58.27388889,63.34538462,55.79727273,59.56297297,1,58.16461538,61.70478261,61.1703125,59.57375,64.85380952,57.17142857,61.89176471,61.59054054,59.98046512,59.80090909,50.55076923,66.11578947,55.5404878,59.6630303,65.0326087,-37.72662604,6501,144.8125792
51.37285714,54.92095238,56.1115,53.95461538,55.86648649,55.16714286,51.93352941,53.82928571,50.09190476,52.20815789,1,55.38888889,60.3137037,53.826,53.37846154,58.02909091,49.79769231,54.05846154,59.26261905,55.96346939,54.85833333,43.70357143,55.3064,55.11977778,51.29153846,51.78612903,-37.72793954,6556,144.8142068
50.535,48.844,45.68888889,40.37157895,40.51580645,51.82857143,48.9824,46.26935484,41.57574468,42.91173913,1,42.90153846,45.78882353,48.49869565,41.90837838,36.55848485,56.83461538,48.81264706,46.88964286,37.93714286,39.89314286,47.51818182,47.63576923,45.46458333,40.6886,39.82852941,-37.73513684,6714,144.8868961
84.01378378,80.99529412,79.9369863,80.53438596,80.77471429,80.50418605,78.15875,78.10031746,76.52415842,80.0354321,1,77.87113636,80.055,82.22125,82.4586,81.48705882,78.28064516,82.27352941,84.50435484,81.726875,79.22971429,75.43848485,81.14544118,81.21651515,80.73513158,78.71681818,-37.66360386,6800,144.8552186
64.61872727,62.56758929,59.38801887,56.49135484,55.79063492,65.21066667,64.57213115,64.54924,58.56671053,55.1815311,1,63.84781818,63.1012766,62.97145299,58.64716814,57.53165746,66.42866667,59.1325,59.86217054,58.84868613,56.86095455,65.16285714,63.34537815,59.3530303,58.57623116,55.88344498,-37.71894301,6807,144.8528565
35.93412698,35.94620968,35.98433071,35.81324503,34.84701493,41.32928571,37.92020548,37.91218868,33.26858065,36.82298969,1,40.09224138,43.72211538,39.1590411,35.16385965,35.14140541,36.77227273,43.30382114,42.19226744,36.40335664,35.9403125,43.18492308,41.23771429,40.71907834,38.31280423,37.93236715,-37.7250314,6808,144.8495729
47.46315789,37.52032258,37.0368,31.16203704,40.04589286,43.45318182,39.49542857,36.09413043,34.85890625,36.36283019,1,41.7262963,33.79064516,39.92979592,29.02877551,31.97413793,43.12304348,34.49964286,37.2672,32.05473684,41.34075,45.39608696,34.10642857,37.06981818,34.360625,36.06439024,-37.70309025,6978,144.8015493
87.81230769,84.7262069,82.31842105,84.48222222,85.7415625,82.06555556,86.17482759,81.69166667,79.26761905,81.98617647,1,82.50384615,77.1262963,81.69857143,82.49125,80.995,87.37428571,80.82375,82.43268657,83.93972973,81.98866667,84.45923077,88.035,83.8828,81.69074074,83.00875,-37.67699875,6991,144.7718152
52.195,83.92,65.92727273,39.478125,65.1775,96.2375,79.822,90.24777778,37.53142857,64.48,1,58.44875,92.224,68.67125,34.37285714,45.73888889,100.7,73.91333333,59.70888889,33.91076923,73.366,-1,90.78,63.51153846,41.17368421,46.64,-37.69991791,6992,144.802409
92.92354839,80.98689498,63.65127778,82.83283988,88.51973545,89.19507692,83.96532164,52.9236246,62.07681388,82.47671018,1,91.04673469,79.72790123,34.73590604,42.78560554,81.62898437,92.51947368,84.73013761,45.41595855,57.88544073,85.79274272,90.60704082,78.43387978,47.78853731,73.66642066,88.62328042,-37.73142929,7236,144.8774837
85.41960212,84.06153202,79.70160749,78.36832862,71.725282,85.3455318,75.18240348,58.30865602,52.82956196,51.96661816,1,86.10578628,82.80999735,65.0738134,60.32096912,55.7119906,85.81752517,83.77478028,71.94260502,53.91032468,53.24325397,86.20571845,83.06208635,73.53652305,60.44065772,58.92903829,-37.68670893,7237,144.8780183
46.93976744,43.98053333,38.55048544,32.6608,37.67333333,49.10909091,45.266,37.48937063,29.77561404,35.38982301,1,45.36081081,42.16590909,35.24610687,29.95923077,38.61051282,38.56153846,45.5692,38.70806122,30.26227273,36.75642857,50.76302326,47.13710843,39.0935514,32.86578512,37.34553398,-37.70807825,7313,144.8867556
92.024,73.49923497,53.44225989,76.57745283,87.47265193,91.56603604,76.4140411,50.06203636,58.15799353,80.53615599,1,93.63752688,72.94992647,33.05724382,39.25021127,75.54928962,89.46243478,76.71417085,40.13602985,53.03076687,82.344,91.67172043,70.4305298,45.98120482,66.8487037,87.17973404,-37.73346038,7361,144.8834147
