,F1,GPS Lat,GPS Long,Local Government Area,Number of Records,Post Code,Region Name,Stat Division,Stop Location ID,Stop Name Long,Stop Name Short,Stop Type,Suburb Name
0,160,-37.724234,144.796303,brimbank,1,3038,melbourne,greater metro,10674,goodwood dr/belmont ave (keilor downs),goodwood drive,kerbside,keilor downs
1,161,-37.723619,144.799596,brimbank,1,3038,melbourne,greater metro,10675,thornhill dr/belmont ave (keilor downs),thornhill drive,kerbside,keilor downs
2,162,-37.721165,144.800746,brimbank,1,3038,melbourne,greater metro,10676,belmont ave/copernicus way (keilor downs),belmont avenue,kerbside,keilor downs
3,163,-37.719721,144.798494,brimbank,1,3038,melbourne,greater metro,10677,lancia dr/copernicus way (keilor downs),lancia drive,kerbside,keilor downs
4,164,-37.719157,144.795001,brimbank,1,3038,melbourne,greater metro,10678,goodwood dr/copernicus way (keilor downs),goodwood drive,kerbside,keilor downs
5,165,-37.717801,144.791846,brimbank,1,3038,melbourne,greater metro,10679,roseberry ave/copernicus way (keilor downs),roseberry avenue,kerbside,keilor downs
6,166,-37.715067,144.789727,brimbank,1,3038,melbourne,greater metro,10680,darebin ave/copernicus way (keilor downs),darebin avenue,kerbside,keilor downs
7,167,-37.712661,144.789548,brimbank,1,3038,melbourne,greater metro,10681,lady nelson way/copernicus way (keilor downs),lady nelson way,kerbside,keilor downs
8,168,-37.711725,144.793215,brimbank,1,3038,melbourne,greater metro,10682,lady nelson way/chichester dr (taylors lakes),lady nelson way,kerbside,taylors lakes
9,169,-37.709604999999996,144.794026,brimbank,1,3038,melbourne,greater metro,10683,cocoparra cres/chichester dr (taylors lakes),cocoparra crescent,kerbside,taylors lakes
10,170,-37.703727,144.784855,brimbank,1,3038,melbourne,greater metro,10684,reed (west) cres/bond dr (taylors lakes),reed crescent,kerbside,taylors lakes
11,171,-37.702045,144.781738,brimbank,1,3038,melbourne,greater metro,10685,reed (east) cres/bond dr (taylors lakes),reed crescent,kerbside,taylors lakes
12,172,-37.693699,144.774672,brimbank,1,3038,melbourne,greater metro,10793,28 mccubbin dr (taylors lakes),mccubbin drive,kerbside,taylors lakes
13,173,-37.691261,144.77364,brimbank,1,3038,melbourne,greater metro,10794,overnewton college/robertsons rd (taylors lakes),robertsons road,bus bay,taylors lakes
14,174,-37.68716,144.77765,brimbank,1,3038,melbourne,greater metro,10795,64 robertsons rd (taylors lakes),robertsons road,kerbside,taylors lakes
15,175,-37.685959999999994,144.78046,brimbank,1,3038,melbourne,greater metro,10796,carnarvon cl/palmerston cres (taylors lakes),carnarvon close,kerbside,taylors lakes
16,176,-37.688590000000005,144.7827,brimbank,1,3038,melbourne,greater metro,10797,11 palmerston cres (taylors lakes),palmerston crescent,kerbside,taylors lakes
17,177,-37.69038,144.786958,brimbank,1,3038,melbourne,greater metro,10798,71 wellesley dr (taylors lakes),wellesley dr,kerbside,taylors lakes
18,178,-37.692033,144.79019499999998,brimbank,1,3038,melbourne,greater metro,10799,lawson ct/wellesley dr (taylors lakes),lawson court,kerbside,taylors lakes
19,179,-37.69419,144.79303000000002,brimbank,1,3038,melbourne,greater metro,10800,nordic ave/wellesley dr (taylors lakes),nordic avenue,kerbside,taylors lakes
20,180,-37.69556,144.79555,brimbank,1,3038,melbourne,greater metro,10801,43 verona dr (taylors lakes),verona drive,kerbside,taylors lakes
21,181,-37.698840000000004,144.79721999999998,brimbank,1,3038,melbourne,greater metro,10802,truro cres/verona dr (taylors lakes),truro crescent,kerbside,taylors lakes
22,182,-37.701774,144.800552,brimbank,1,3038,melbourne,greater metro,10803,taylors lakes shopping centre/melton hwy (taylors lakes),taylors lakes sc,bus bay,taylors lakes
23,183,-37.710939,144.80393899999999,brimbank,1,3038,melbourne,greater metro,10804,wyperfeld ave/sunshine ave (keilor downs),wyperfeld avenue,bus bay,keilor downs
24,184,-37.715579999999996,144.805566,brimbank,1,3038,melbourne,greater metro,10806,swindon cres/odessa ave (keilor downs),swindon crescent,kerbside,keilor downs
25,185,-37.715472999999996,144.807426,brimbank,1,3038,melbourne,greater metro,10807,snowdon cl/odessa ave (keilor downs),snowdon close,kerbside,keilor downs
26,186,-37.715532,144.810528,brimbank,1,3038,melbourne,greater metro,10808,keilor downs secondary college/odessa ave (keilor downs),keilor downs secondary college,kerbside,keilor downs
27,187,-37.718337,144.81213400000001,brimbank,1,3038,melbourne,greater metro,10809,cromer pl/odessa ave (keilor downs),cromer place,kerbside,keilor downs
28,188,-37.721184,144.812411,brimbank,1,3038,melbourne,greater metro,10810,tarella dr/odessa ave (keilor downs),tarella drive,kerbside,keilor downs
29,189,-37.723966,144.81198700000002,brimbank,1,3038,melbourne,greater metro,10811,antwerp dr/odessa ave (keilor downs),antwerp drive,kerbside,keilor downs
30,190,-37.726602,144.812396,brimbank,1,3038,melbourne,greater metro,10812,dongola rd/sunshine ave (keilor downs),dongola road,bus bay,keilor downs
31,191,-37.730567,144.815954,brimbank,1,3021,melbourne,greater metro,10813,green gully rd/sunshine ave (st albans),joan court,bus bay,st albans
32,192,-37.73317,144.818153,brimbank,1,3021,melbourne,greater metro,10814,fox st/sunshine ave (st albans),fox street,bus bay,st albans
33,193,-37.735087,144.819773,brimbank,1,3021,melbourne,greater metro,10815,norman st/sunshine ave (st albans),norman street,kerbside,st albans
34,407,-37.70807,144.87712,hume,1,3043,melbourne,greater metro,47171,eumarella st/sharps rd (tullamarine),eumarella st,kerbside,tullamarine
35,408,-37.707570000000004,144.87476999999998,hume,1,3043,melbourne,greater metro,47172,coonamar st/sharps rd (tullamarine),coonamar st,kerbside,tullamarine
36,409,-37.7076,144.87313999999998,hume,1,3043,melbourne,greater metro,47173,tullamarine park rd/sharps rd (tullamarine),tullamarine park rd,kerbside,tullamarine
37,410,-37.71026,144.870779,hume,1,3043,melbourne,greater metro,47174,prima ct/tullamarine park rd (tullamarine),prima ct,kerbside,tullamarine
38,411,-37.710211,144.870432,hume,1,3043,melbourne,greater metro,47175,prima ct/tullamarine park rd (tullamarine),prima ct,kerbside,tullamarine
39,412,-37.71474,144.86595,hume,1,3043,melbourne,greater metro,47176,beverage dr/tullamarine park rd (tullamarine),beverage dr,kerbside,tullamarine
40,413,-37.71448,144.86612,hume,1,3043,melbourne,greater metro,47177,beverage dr/tullamarine park rd (tullamarine),beverage dr,kerbside,tullamarine
41,414,-37.713885999999995,144.861922,hume,1,3043,melbourne,greater metro,47178,assembly dr/tullamarine park rd (tullamarine),assembly dr,kerbside,tullamarine
42,415,-37.71363,144.86194,hume,1,3043,melbourne,greater metro,47179,assembly dr/tullamarine park rd (tullamarine),assembly dr,kerbside,tullamarine
43,416,-37.71082,144.85957,hume,1,3043,melbourne,greater metro,47180,lambeck dr/keilor park rd (tullamarine),lambeck dr,kerbside,tullamarine
44,417,-37.710609999999996,144.85992,hume,1,3043,melbourne,greater metro,47181,lambeck dr/keilor park rd (tullamarine),lambeck dr,kerbside,tullamarine
45,418,-37.70944,144.85676,hume,1,3043,melbourne,greater metro,47182,commercial ct/lambeck dr (tullamarine),commercial ct,kerbside,tullamarine
46,419,-37.709270000000004,144.85668,hume,1,3043,melbourne,greater metro,47183,commercial ct/lambeck dr (tullamarine),commercial ct,kerbside,tullamarine
47,420,-37.70901,144.85275,hume,1,3043,melbourne,greater metro,47184,aerolink dr/lambeck dr (tullamarine),aerolink dr,kerbside,tullamarine
48,421,-37.70885,144.85242,hume,1,3043,melbourne,greater metro,47185,aerolink dr/lambeck dr (tullamarine),aerolink dr,kerbside,tullamarine
49,422,-37.706258,144.850702,hume,1,3043,melbourne,greater metro,47186,mareno rd/lambeck dr (tullamarine),mareno rd,kerbside,tullamarine
50,423,-37.70612,144.85093999999998,hume,1,3043,melbourne,greater metro,47187,mareno rd/lambeck dr (tullamarine),mareno rd,kerbside,tullamarine
51,424,-37.70224,144.85187,hume,1,3043,melbourne,greater metro,47188,annandale rd/lambeck dr (tullamarine),annandale rd,kerbside,tullamarine
52,425,-37.702290000000005,144.85199,hume,1,3043,melbourne,greater metro,47189,annandale rd/lambeck dr (tullamarine),annandale rd,kerbside,tullamarine
53,426,-37.70125,144.8573,hume,1,3043,melbourne,greater metro,47190,south centre rd (tullamarine),south centre rd,kerbside,tullamarine
54,427,-37.701240000000006,144.85766999999998,hume,1,3043,melbourne,greater metro,47191,south centre rd (tullamarine),south centre rd,kerbside,tullamarine
55,428,-37.696915000000004,144.856658,hume,1,3043,melbourne,greater metro,47192,sky rd/south centre rd (tullamarine),sky rd,kerbside,tullamarine
56,429,-37.696939,144.856765,hume,1,3043,melbourne,greater metro,47193,sky rd/south centre rd (tullamarine),sky rd,kerbside,tullamarine
57,430,-37.692568,144.863179,hume,1,3043,melbourne,greater metro,47194,mace way/link rd (tullamarine),mace way,kerbside,tullamarine
58,431,-37.692763,144.86341000000002,hume,1,3043,melbourne,greater metro,47195,mace way/link rd (tullamarine),mace way,kerbside,tullamarine
60,480,-37.729867,144.867411,moonee valley,1,3033,melbourne,greater metro,6154,wingara ave/woorite pl (keilor east),wingara avenue,kerbside,keilor east
61,481,-37.73168,144.865304,moonee valley,1,3033,melbourne,greater metro,6155,tuppal pl/milleara rd (keilor east),tuppal place,kerbside,keilor east
62,482,-37.733615,144.864934,moonee valley,1,3033,melbourne,greater metro,6156,berembong dr/milleara rd (keilor east),berembong drive,kerbside,keilor east
63,1183,-37.692615999999994,144.87413999999998,hume,1,3043,melbourne,greater metro,7390,derby st/melrose dr (tullamarine),derby st,kerbside,tullamarine
64,1211,-37.654145,144.88806,hume,1,3059,hume,greater metro,7652,st carlo borromeo school/drummond st (greenvale),st carlo borromeo school,kerbside,greenvale
65,1213,-37.673136,144.887869,hume,1,3049,melbourne,greater metro,7658,tollkeepers pde/ardlie st (attwood),tollkeepers pde,kerbside,attwood
66,1214,-37.675887,144.888201,hume,1,3049,melbourne,greater metro,7659,fawkner st/ardlie st (westmeadows),fawkner st,kerbside,westmeadows
67,2092,-37.708078,144.88685700000002,hume,1,3043,melbourne,greater metro,9098,malvern ave/melrose dr (tullamarine),malvern av,bus bay,tullamarine
68,2093,-37.708459999999995,144.882217,hume,1,3043,melbourne,greater metro,9099,banksia gr/sharps rd (tullamarine),banksia gr,bus bay,tullamarine
69,2094,-37.707158,144.878955,hume,1,3043,melbourne,greater metro,9100,sharps rd/broadmeadows rd (tullamarine),sharps rd,kerbside,tullamarine
70,2095,-37.705416,144.879248,hume,1,3043,melbourne,greater metro,9101,birch ave/broadmeadows rd (tullamarine),birch av,kerbside,tullamarine
71,2096,-37.703462,144.879593,hume,1,3043,melbourne,greater metro,9102,tullamarine primary school/broadmeadows rd (tullamarine),tullamarine ps,kerbside,tullamarine
72,2097,-37.700618,144.88010400000002,hume,1,3043,melbourne,greater metro,9103,dawson st/broadmeadows rd (tullamarine),dawson st,kerbside,tullamarine
73,2098,-37.698353999999995,144.880684,hume,1,3043,melbourne,greater metro,9104,tangemere ave/mickleham rd (tullamarine),tangemere av,bus bay,tullamarine
74,2099,-37.69672,144.880915,hume,1,3043,melbourne,greater metro,9105,scampton cres/mickleham rd (tullamarine),scampton cr,bus bay,tullamarine
75,2100,-37.693896,144.881466,hume,1,3043,melbourne,greater metro,9106,lackenheath dr/mickleham rd (tullamarine),lackenheath dr,bus bay,tullamarine
76,2101,-37.688359000000005,144.88324,hume,1,3043,melbourne,greater metro,9107,gladstone park shopping centre/gladstone park dr (gladstone park),mickleham rd,kerbside,gladstone park
77,2102,-37.689615,144.885788,hume,1,3043,melbourne,greater metro,9108,south circular rd/gladstone park dr (gladstone park),south circular rd,kerbside,gladstone park
78,2418,-37.705494,144.88487,hume,1,3043,melbourne,greater metro,7375,melrose ct/melrose dr (tullamarine),melrose ct,kerbside,tullamarine
79,2419,-37.698042,144.87919399999998,hume,1,3043,melbourne,greater metro,7377,catherine ave/melrose dr (tullamarine),catherine ave,kerbside,tullamarine
80,2420,-37.695718,144.877057,hume,1,3043,melbourne,greater metro,7378,trade park reserve/melrose dr (tullamarine),trade park reserve,kerbside,tullamarine
81,2421,-37.690989,144.872428,hume,1,3043,melbourne,greater metro,7379,henderson rd/melrose dr (tullamarine),henderson rd,kerbside,tullamarine
82,2424,-37.637890000000006,144.80567,hume,1,3428,hume,greater metro,7384,rawdon st/bulla rd (bulla),rawdon st,bus bay,bulla
83,2425,-37.64077,144.81551000000002,hume,1,3428,hume,greater metro,7385,wildwood rd/bulla rd (bulla),wildwood rd,kerbside,bulla
84,2426,-37.64465,144.83502,hume,1,3428,hume,greater metro,7386,oaklands rd/sunbury rd (bulla),oaklands rd,kerbside,bulla
85,2427,-37.688648,144.870112,hume,1,3043,melbourne,greater metro,7389,strathconnon sq/melrose dr (tullamarine),strathconnon sq,kerbside,tullamarine
86,2802,-37.705442,144.884525,hume,1,3043,melbourne,greater metro,9545,carol gr/melrose dr (tullamarine),carol gr,bus bay,tullamarine
87,2803,-37.701583,144.881797,hume,1,3043,melbourne,greater metro,9546,sycamore ave/melrose dr (tullamarine),sycamore av,kerbside,tullamarine
88,2804,-37.69858,144.879386,hume,1,3043,melbourne,greater metro,9547,catherine ave/melrose dr (tullamarine),catherine ave,bus bay,tullamarine
89,2805,-37.695813,144.876848,hume,1,3043,melbourne,greater metro,9548,trade park reserve/melrose dr (tullamarine),trade park reserve,kerbside,tullamarine
90,2807,-37.637788,144.806093,hume,1,3428,hume,greater metro,9553,rawdon st/bulla rd (bulla),rawdon st,bus bay,bulla
91,2808,-37.640715,144.814413,hume,1,3428,hume,greater metro,9554,wildwood rd/bulla rd (bulla),wildwood rd,bus bay,bulla
92,2809,-37.643862,144.83270100000001,hume,1,3428,hume,greater metro,9555,oaklands rd/sunbury rd (bulla),oaklands rd,bus bay,bulla
93,2810,-37.688726,144.869957,hume,1,3043,melbourne,greater metro,9557,strathconnon sq/melrose dr (tullamarine),strathconnon sq,kerbside,tullamarine
94,2925,-37.730202,144.871135,moonee valley,1,3033,melbourne,greater metro,45971,penleigh and essendon grammar/keilor rd (keilor east),penleigh and essendon grammar,kerbside,keilor east
95,2935,-37.728106,144.854153,moonee valley,1,3033,melbourne,greater metro,46762,keilor cemetery/ely ct (keilor east),keilor cemetery,kerbside,keilor east
96,2942,-37.728823999999996,144.879841,moonee valley,1,3042,melbourne,greater metro,47714,essendon keilor college/lock st (airport west),essendon keilor college,kerbside,airport west
97,4074,-37.71366,144.88861,moonee valley,1,3042,melbourne,greater metro,18768,airport west shoppingtown/louis st (airport west),airport west shoppingtown,bus bay,airport west
98,4200,-37.694959999999995,144.77013,brimbank,1,3038,melbourne,greater metro,9246,sydenham rd/melton hwy (taylors lakes),sydenham rd,bus bay,taylors lakes
99,4201,-37.696834,144.779676,brimbank,1,3038,melbourne,greater metro,9248,kings rd/melton hwy (taylors lakes),kings rd,bus bay,taylors lakes
100,4202,-37.699016,144.786302,brimbank,1,3038,melbourne,greater metro,9249,melton hwy/parmelia dr (taylors lakes),melton highway,kerbside,taylors lakes
101,4203,-37.702842,144.785897,brimbank,1,3038,melbourne,greater metro,9250,chichester dr/parmelia dr (taylors lakes),chichester drive,kerbside,taylors lakes
102,4204,-37.705254,144.786537,brimbank,1,3038,melbourne,greater metro,9251,fastnet dr/parmelia dr (taylors lakes),fastnet drive,kerbside,taylors lakes
103,4205,-37.706728999999996,144.7896,brimbank,1,3038,melbourne,greater metro,9252,lionheart ave/parmelia dr (taylors lakes),lionheart avenue,kerbside,taylors lakes
104,4206,-37.706489000000005,144.793239,brimbank,1,3038,melbourne,greater metro,9253,taylors lakes secondary college/parmelia dr (taylors lakes),taylors lakes sec college,kerbside,taylors lakes
105,4207,-37.707927000000005,144.79587,brimbank,1,3038,melbourne,greater metro,9254,chichester dr/apollo rd (taylors lakes),chichester drive,kerbside,taylors lakes
106,4208,-37.708303,144.798599,brimbank,1,3038,melbourne,greater metro,9255,pindari ave/apollo rd (taylors lakes),pindari avenue,kerbside,taylors lakes
107,4209,-37.708599,144.800569,brimbank,1,3038,melbourne,greater metro,9256,koroit pl/apollo rd (taylors lakes),koroit place,kerbside,taylors lakes
108,4210,-37.707859,144.80342199999998,brimbank,1,3038,melbourne,greater metro,9258,apollo rd/sunshine ave (taylors lakes),apollo road,bus bay,taylors lakes
109,4211,-37.705085,144.801742,brimbank,1,3038,melbourne,greater metro,9259,rutherglen way/sunshine ave (taylors lakes),rutherglen way,bus bay,taylors lakes
110,4212,-37.704392999999996,144.812973,brimbank,1,3036,melbourne,greater metro,9260,petrik dr/old calder hwy (keilor),petrik drive,kerbside,keilor
111,4213,-37.70661,144.81686499999998,brimbank,1,3036,melbourne,greater metro,9262,burrowye cres/old calder hwy (keilor),burrowye crescent,kerbside,keilor
112,4214,-37.709447,144.82027,brimbank,1,3036,melbourne,greater metro,9263,augustines way/old calder hwy (keilor),augustines way,kerbside,keilor
113,4215,-37.711826,144.822242,brimbank,1,3036,melbourne,greater metro,9265,parramatta rd/old calder hwy (keilor),parramatta road,kerbside,keilor
114,4216,-37.713116,144.823698,brimbank,1,3036,melbourne,greater metro,9266,ardent ct/old calder hwy (keilor),ardent court,kerbside,keilor
115,4217,-37.717813,144.828026,brimbank,1,3036,melbourne,greater metro,9274,church st/green gully rd (keilor),church street,bus bay,keilor
116,4227,-37.733181,144.770635,brimbank,1,3021,melbourne,greater metro,9421,copperfield college junior campus/gillespie rd (kings park),copperfield college,kerbside,kings park
117,4478,-37.709431,144.888971,hume,1,3043,melbourne,greater metro,40866,leicester sq/coventry st (tullamarine),leicester sq,kerbside,tullamarine
118,4479,-37.709423,144.88895300000001,hume,1,3043,melbourne,greater metro,40885,leicester sq/coventry st (tullamarine),leicester sq,kerbside,tullamarine
119,4505,-37.703784999999996,144.88330200000001,hume,1,3043,melbourne,greater metro,42277,carrick dr/melrose dr (tullamarine),carrick dr,kerbside,tullamarine
120,4506,-37.687589,144.882253,hume,1,3043,melbourne,greater metro,42278,international dr/mickleham rd (gladstone park),international dr,kerbside,gladstone park
121,4512,-37.685082,144.88307,hume,1,3043,melbourne,greater metro,43461,rylandes dr/mickleham rd (gladstone park),rylandes dr,kerbside,gladstone park
122,4513,-37.687566,144.882632,hume,1,3043,melbourne,greater metro,43462,gladstone park dr/mickleham rd (gladstone park),gladstone park dr,kerbside,gladstone park
123,4917,-37.729279,144.813271,brimbank,1,3038,melbourne,greater metro,11762,opp 17 taylors rd (keilor downs),taylors road,kerbside,keilor downs
124,4918,-37.728867,144.809396,brimbank,1,3038,melbourne,greater metro,11763,oslo way/taylors rd (keilor downs),oslo way,kerbside,keilor downs
125,4919,-37.728049,144.796178,brimbank,1,3021,melbourne,greater metro,11767,carbine way/taylors rd (st albans),carbine way,kerbside,st albans
126,4920,-37.728234,144.80001399999998,brimbank,1,3021,melbourne,greater metro,11768,theodore st/taylors rd (st albans),theodore street,kerbside,st albans
127,4921,-37.727577000000004,144.80603200000002,brimbank,1,3038,melbourne,greater metro,11769,keilor shopping centre/taylors rd (keilor downs),keilor shopping centre,bus bay,keilor downs
128,4922,-37.726758000000004,144.796742,brimbank,1,3038,melbourne,greater metro,11772,rodney dr/carbine way (keilor downs),rodney drive,kerbside,keilor downs
129,4923,-37.72433,144.79595,brimbank,1,3038,melbourne,greater metro,11773,goodwood dr/belmont ave (keilor downs),goodwood drive,kerbside,keilor downs
130,4924,-37.723502,144.79988899999998,brimbank,1,3038,melbourne,greater metro,11774,thornhill dr/belmont ave (keilor downs),thornhill drive,kerbside,keilor downs
131,4925,-37.721346999999994,144.80106999999998,brimbank,1,3038,melbourne,greater metro,11775,belmont ave/copernicus way (keilor downs),belmont avenue,kerbside,keilor downs
132,4926,-37.719693,144.798936,brimbank,1,3038,melbourne,greater metro,11776,hotchkiss way/copernicus way (keilor downs),hotchkiss way,bus bay,keilor downs
133,4927,-37.71904,144.79488,brimbank,1,3038,melbourne,greater metro,11777,goodwood dr/copernicus way (keilor downs),goodwood drive,kerbside,keilor downs
134,4928,-37.71781,144.79205,brimbank,1,3038,melbourne,greater metro,11778,roseberry ave/copernicus way (keilor downs),roseberry avenue,bus bay,keilor downs
135,4929,-37.71523,144.79,brimbank,1,3038,melbourne,greater metro,11779,darebin ave/copernicus way (keilor downs),darebin avenue,kerbside,keilor downs
136,4930,-37.713116,144.789617,brimbank,1,3038,melbourne,greater metro,11780,lady nelson way/copernicus way (keilor downs),lady nelson way,kerbside,keilor downs
137,4931,-37.7123,144.7921,brimbank,1,3038,melbourne,greater metro,11781,stockwell cres/lady nelson way (keilor downs),stockwell crescent,kerbside,keilor downs
138,4932,-37.709109999999995,144.79426,brimbank,1,3038,melbourne,greater metro,11782,mallacoota ct/chichester dr (taylors lakes),mallacoota court,kerbside,taylors lakes
139,4933,-37.703489000000005,144.784647,brimbank,1,3038,melbourne,greater metro,11783,reed cres/bond dr (taylors lakes),reed crescent,kerbside,taylors lakes
140,4934,-37.701833,144.78134,brimbank,1,3038,melbourne,greater metro,11784,booth way/bond dr (taylors lakes),booth way,kerbside,taylors lakes
141,5120,-37.713674,144.88878,moonee valley,1,3042,melbourne,greater metro,6725,airport west sc/louis st (airport west),airport west sc,kerbside,airport west
142,5121,-37.716248,144.888339,moonee valley,1,3042,melbourne,greater metro,6726,moore rd/louis st (airport west),moore rd,kerbside,airport west
143,5122,-37.71755,144.88807,moonee valley,1,3042,melbourne,greater metro,6727,louis st/marshall rd (airport west),louis street,kerbside,airport west
144,5123,-37.717081,144.88427099999998,moonee valley,1,3042,melbourne,greater metro,6728,cope st/marshall rd (airport west),cope street,kerbside,airport west
145,5124,-37.716788,144.881623,moonee valley,1,3042,melbourne,greater metro,6729,sexton st/marshall rd (airport west),sexton street,kerbside,airport west
146,5125,-37.717949,144.881047,moonee valley,1,3042,melbourne,greater metro,6730,victory rd/sexton st (airport west),victory road,kerbside,airport west
147,5126,-37.719002,144.880928,moonee valley,1,3042,melbourne,greater metro,6731,parer rd/sexton st (airport west),parer road,kerbside,airport west
148,5127,-37.718911,144.876611,moonee valley,1,3042,melbourne,greater metro,6732,thomas st/parer rd (airport west),thomas street,kerbside,airport west
149,6932,-37.701128000000004,144.77418600000001,brimbank,1,3037,melbourne,greater metro,20000,watergardens railway station (sydenham),watergardens,platform,sydenham
150,6933,-37.729276,144.793733,brimbank,1,3021,melbourne,greater metro,20001,keilor plains railway station (st albans),keilor plains,platform,st albans
151,6943,-37.711870000000005,144.822191,brimbank,1,3036,melbourne,greater metro,20086,parramatta rd/old calder hwy (keilor),parramatta rd,kerbside,keilor
152,6947,-37.728487,144.866803,brimbank,1,3042,melbourne,greater metro,20105,knighton ave/fullarton rd (keilor park),knighton avenue,kerbside,keilor park
153,6948,-37.714034000000005,144.824604,brimbank,1,3036,melbourne,greater metro,20110,parramatta rd/old calder hwy (keilor),parramatta road,kerbside,keilor
154,6949,-37.698853,144.786219,brimbank,1,3038,melbourne,greater metro,20111,melton hwy/parmelia dr (taylors lakes),melton highway,kerbside,taylors lakes
155,6950,-37.723856,144.85261599999998,brimbank,1,3042,melbourne,greater metro,20130,swan st/fosters rd (keilor park),swan street,kerbside,keilor park
156,6951,-37.70345,144.8087,brimbank,1,3036,melbourne,greater metro,20131,keilor retirement village/old calder hwy (keilor),petrik drive,kerbside,keilor
157,6952,-37.715251,144.82518000000002,brimbank,1,3036,melbourne,greater metro,20141,hopkins ave/barwon ave (keilor),hopkins avenue,kerbside,keilor
158,6953,-37.717376,144.823644,brimbank,1,3036,melbourne,greater metro,20142,barwon ave/patterson ave (keilor),barwon ave,kerbside,keilor
159,6954,-37.719807,144.821772,brimbank,1,3036,melbourne,greater metro,20143,loddon ave/patterson ave (keilor),loddon avenue,kerbside,keilor
160,6955,-37.721635,144.826921,brimbank,1,3036,melbourne,greater metro,20145,green gully rd/patterson ave (keilor),green gully road,kerbside,keilor
161,6956,-37.719995000000004,144.827594,brimbank,1,3036,melbourne,greater metro,20146,tambo ct/green gully rd (keilor),tambo court,kerbside,keilor
162,6957,-37.72165,144.826331,brimbank,1,3036,melbourne,greater metro,20147,green gully rd/patterson ave (keilor),patterson avenue,kerbside,keilor
163,6958,-37.717175,144.830703,brimbank,1,3036,melbourne,greater metro,20149,brimbank city council/old calder hwy (keilor),brimbank city council,kerbside,keilor
164,6959,-37.719178,144.834708,brimbank,1,3036,melbourne,greater metro,20150,keilor shopping centre/old calder hwy (keilor),keilor shopping centre,bus bay,keilor
165,6960,-37.720483,144.837254,brimbank,1,3036,melbourne,greater metro,20151,flora st/old calder hwy (keilor),flora st,kerbside,keilor
166,7133,-37.7162,144.88810700000002,moonee valley,1,3042,melbourne,greater metro,6833,moore rd/louis st (airport west),moore rd,kerbside,airport west
167,7134,-37.717481,144.88805200000002,moonee valley,1,3042,melbourne,greater metro,6834,louis st/marshall rd (airport west),louis street,kerbside,airport west
168,7135,-37.717031,144.88425,moonee valley,1,3042,melbourne,greater metro,6835,cope st/marshall rd (airport west),cope street,kerbside,airport west
169,7136,-37.716756,144.881559,moonee valley,1,3042,melbourne,greater metro,6836,sexton st/marshall rd (airport west),sexton street,kerbside,airport west
170,7137,-37.718026,144.88093500000002,moonee valley,1,3042,melbourne,greater metro,6837,victory rd/sexton st (airport west),victory road,kerbside,airport west
171,7138,-37.718722,144.876514,moonee valley,1,3042,melbourne,greater metro,6839,thomas st/parer rd (airport west),thomas street,kerbside,airport west
172,7155,-37.735725,144.88843799999998,moonee valley,1,3042,melbourne,greater metro,6918,matthews ave/keilor rd (niddrie),matthews av,kerbside,niddrie
173,7157,-37.734241,144.883033,moonee valley,1,3042,melbourne,greater metro,6920,keilor rd/newman st (niddrie),keilor road,kerbside,niddrie
174,7158,-37.734557,144.879552,moonee valley,1,3042,melbourne,greater metro,6921,florence st/hotham rd (niddrie),florence street,kerbside,niddrie
175,7159,-37.73366,144.877827,moonee valley,1,3042,melbourne,greater metro,6922,hotham rd/the avenue (niddrie),hotham road,kerbside,niddrie
176,7876,-37.701128000000004,144.77418600000001,brimbank,1,3037,melbourne,greater metro,22244,watergardens railway station (sydenham),watergardens,platform,sydenham
177,7880,-37.684765000000006,144.78903200000002,brimbank,1,3036,melbourne,greater metro,22458,keilor golf course/calder fwy (keilor north),keilor golf course,kerbside,keilor north
178,7885,-37.72782,144.788147,brimbank,1,3021,melbourne,greater metro,22650,fulwood ct/taylors rd (st albans),fulwood court,kerbside,st albans
179,7886,-37.727709999999995,144.78421699999998,brimbank,1,3021,melbourne,greater metro,22651,atheldene dr/taylors rd (st albans),atheldene drive,kerbside,st albans
180,7887,-37.727284999999995,144.779392,brimbank,1,3021,melbourne,greater metro,22653,kings rd/taylors rd (kings park),kings road,kerbside,kings park
181,7890,-37.727145,144.779293,brimbank,1,3037,melbourne,greater metro,22674,delahey village shopping centre/taylors rd (delahey),delahey village shopping centre,kerbside,delahey
182,7891,-37.727435,144.783953,brimbank,1,3037,melbourne,greater metro,22675,atheldene dr/taylors rd (delahey),atheldene drive,kerbside,delahey
183,7892,-37.727523,144.788385,brimbank,1,3037,melbourne,greater metro,22676,fulwood ct/taylors rd (delahey),fulwood court,kerbside,delahey
184,7893,-37.726766999999995,144.77398200000002,brimbank,1,3021,melbourne,greater metro,22678,longfellow dr/taylors rd (kings park),longfellow drive,kerbside,kings park
185,7894,-37.714673,144.80354499999999,brimbank,1,3038,melbourne,greater metro,23001,st mary mackillop primary school/sunshine ave (keilor downs),st mary mackillop primary school,bus bay,keilor downs
186,7901,-37.733315000000005,144.772584,brimbank,1,3021,melbourne,greater metro,23022,braeswood rd/gillespie rd (kings park),braeswood road,kerbside,kings park
187,7902,-37.688932,144.775777,brimbank,1,3038,melbourne,greater metro,23024,sydenham reserve/robertsons rd (taylors lakes),sydenham reserve,bus bay,taylors lakes
188,7903,-37.688947999999996,144.775805,brimbank,1,3038,melbourne,greater metro,23025,sydenham reserve/robertsons rd (taylors lakes),sydenham reserve,kerbside,taylors lakes
189,7905,-37.718923,144.771012,brimbank,1,3037,melbourne,greater metro,23027,copperfield college senior campus/copperfield dr (delahey),copperfield college,bus bay,delahey
190,7907,-37.700331,144.77381200000002,brimbank,1,3038,melbourne,greater metro,23278,watergardens railway station/watergardens circuit rd (taylors lakes),watergardens railway station,bus bay,taylors lakes
191,7908,-37.708344,144.777815,brimbank,1,3037,melbourne,greater metro,23279,roseleigh bvd/kings rd (sydenham),roseleigh bvd,kerbside,sydenham
192,7909,-37.710867,144.776848,brimbank,1,3037,melbourne,greater metro,23280,kings rd/hume dr (sydenham),kings rd,kerbside,sydenham
193,7910,-37.71056,144.77498,brimbank,1,3037,melbourne,greater metro,23281,moonlight tce/hume dr (sydenham),moonlight tce,kerbside,sydenham
194,7911,-37.710209000000006,144.77043899999998,brimbank,1,3037,melbourne,greater metro,23282,copperfield dr/hume dr (delahey),copperfield dr,kerbside,delahey
195,8116,-37.733826,144.88695800000002,moonee valley,1,3042,melbourne,greater metro,7251,creswell ave/fullarton rd (airport west),creswell avenue,kerbside,airport west
196,9429,-37.728713,144.868843,moonee valley,1,3042,melbourne,greater metro,40740,moorna dr/fullarton rd (airport west),moorna drive,bus bay,airport west
197,9959,-37.721521,144.860122,brimbank,1,3042,melbourne,greater metro,6074,spence st/erebus st (keilor park),spence street,kerbside,keilor park
198,9960,-37.720762,144.857404,brimbank,1,3042,melbourne,greater metro,6075,collinson st/spence st (keilor park),collinson st,kerbside,keilor park
199,9961,-37.720696999999994,144.853774,brimbank,1,3042,melbourne,greater metro,6076,spence st/fosters rd (keilor park),spence street,kerbside,keilor park
200,9962,-37.723999,144.852707,brimbank,1,3042,melbourne,greater metro,6077,swan st/fosters rd (keilor park),swan street,kerbside,keilor park
201,9963,-37.725029,144.852375,brimbank,1,3042,melbourne,greater metro,6078,fullarton rd/fosters rd (keilor park),fullarton road,kerbside,keilor park
202,9964,-37.72632,144.856498,brimbank,1,3042,melbourne,greater metro,6079,collinson st/fullarton rd (keilor park),collinson street,kerbside,keilor park
203,9965,-37.725771,144.860467,brimbank,1,3042,melbourne,greater metro,6080,erebus st/fullarton rd (keilor park),erebus street,bus bay,keilor park
204,9966,-37.723865999999994,144.859941,brimbank,1,3042,melbourne,greater metro,6148,eliza st/erebus st (keilor park),eliza street,kerbside,keilor park
205,9967,-37.721394000000004,144.86039499999998,brimbank,1,3042,melbourne,greater metro,6149,spence st/erebus st (keilor park),spence street,kerbside,keilor park
206,9968,-37.72092,144.85360500000002,brimbank,1,3042,melbourne,greater metro,6151,william st/fosters rd (keilor park),william street,kerbside,keilor park
207,9969,-37.708756,144.803061,brimbank,1,3038,melbourne,greater metro,6734,sunshine ave/apollo rd (taylors lakes),sunshine avenue,kerbside,taylors lakes
208,9970,-37.704646999999994,144.801949,brimbank,1,3038,melbourne,greater metro,6736,rutherglen way/sunshine ave (taylors lakes),rutherglen way,bus bay,taylors lakes
209,9971,-37.703435,144.808129,brimbank,1,3036,melbourne,greater metro,6737,keilor retirement village/old calder hwy (keilor),keilor retirement village,kerbside,keilor
210,9972,-37.704557,144.813191,brimbank,1,3036,melbourne,greater metro,6738,petrik dr/old calder hwy (keilor),petrik drive,kerbside,keilor
211,9973,-37.706962,144.817016,brimbank,1,3036,melbourne,greater metro,6739,burrowye cres/old calder hwy (keilor),burrowye crescent,kerbside,keilor
212,9974,-37.710178000000006,144.820843,brimbank,1,3036,melbourne,greater metro,6740,augustines way/old calder hwy (keilor),augustines way,kerbside,keilor
213,9975,-37.715466,144.82478700000001,brimbank,1,3036,melbourne,greater metro,6742,hopkins ave/barwon ave (keilor),hopkins avenue,kerbside,keilor
214,9976,-37.717327000000004,144.823802,brimbank,1,3036,melbourne,greater metro,6744,barwon ave/patterson ave (keilor),barwon ave,kerbside,keilor
215,9977,-37.719937,144.821721,brimbank,1,3036,melbourne,greater metro,6745,loddon ave/patterson ave (keilor),loddon avenue,kerbside,keilor
216,9978,-37.721309999999995,144.82310900000002,brimbank,1,3036,melbourne,greater metro,6746,campaspe cres/patterson ave (keilor),campaspe crescent,kerbside,keilor
217,9979,-37.720489,144.827722,brimbank,1,3036,melbourne,greater metro,6748,tambo ct/green gully rd (keilor),tambo court,bus bay,keilor
218,10201,-37.636635,144.88619,hume,1,3059,hume,greater metro,22783,henshaw ct/heversham gr (greenvale),henshaw ct,kerbside,greenvale
219,10202,-37.637069,144.88360500000002,hume,1,3059,hume,greater metro,22784,lytham ct/heversham gr (greenvale),lytham ct,kerbside,greenvale
220,10203,-37.642373,144.885375,hume,1,3059,hume,greater metro,22807,rudstone bend/greenvale dr (greenvale),rudstone bend,kerbside,greenvale
221,10204,-37.640578000000005,144.883497,hume,1,3059,hume,greater metro,22808,heversham gr/greenvale dr (greenvale),heversham gr,kerbside,greenvale
222,10208,-37.654237,144.884998,hume,1,3059,hume,greater metro,22812,lamark ct/barrymore rd (greenvale),lamark ct,kerbside,greenvale
223,10215,-37.654047999999996,144.884982,hume,1,3059,hume,greater metro,22819,lamark ct/barrymore rd (greenvale),lamark ct,kerbside,greenvale
224,10223,-37.642513,144.88536200000001,hume,1,3059,hume,greater metro,22827,rudstone bend/greenvale dr (greenvale),rudstone bend,kerbside,greenvale
225,10485,-37.717252,144.830428,brimbank,1,3036,melbourne,greater metro,7507,borrell st/old calder hwy (keilor),borrell street,bus bay,keilor
226,10486,-37.719208,144.834489,brimbank,1,3036,melbourne,greater metro,7508,keilor shopping centre/old calder hwy (keilor),keilor shopping centre,bus bay,keilor
227,10487,-37.720524,144.83699199999998,brimbank,1,3036,melbourne,greater metro,7509,flora st/old calder hwy (keilor),flora street,bus bay,keilor
228,10488,-37.693735,144.774544,brimbank,1,3038,melbourne,greater metro,7574,drysdale ave/mccubbin dr (taylors lakes),drysdale avenue,kerbside,taylors lakes
229,10509,-37.690915000000004,144.773777,brimbank,1,3038,melbourne,greater metro,8437,overnewton col/robertsons rd (taylors lakes),overnewton col (taylors lakes),bus bay,taylors lakes
230,10730,-37.683885,144.882902,hume,1,3049,melbourne,greater metro,39610,western ave/mickleham rd (westmeadows),western ave,kerbside,westmeadows
231,10734,-37.664334000000004,144.8846,hume,1,3049,melbourne,greater metro,40118,depi attwood centre/475 mickleham rd (attwood),depi attwood centre,kerbside,attwood
232,10735,-37.664313,144.885,hume,1,3049,melbourne,greater metro,40119,depi attwood centre/475 mickleham rd (attwood),depi attwood centre,kerbside,attwood
233,11129,-37.721258,144.823302,brimbank,1,3038,melbourne,greater metro,20645,campaspe cres/patterson ave (keilor downs),campaspe crescent,kerbside,keilor downs
234,11130,-37.720802,144.85818999999998,brimbank,1,3042,melbourne,greater metro,20859,collinson st/spence st (keilor park),collinson st,kerbside,keilor park
235,11131,-37.70113,144.7744,brimbank,1,3038,melbourne,greater metro,21128,watergardens railway station/watergardens circuit rd (taylors lakes),watergardens station,bus bay,taylors lakes
236,11132,-37.70118,144.77447,brimbank,1,3038,melbourne,greater metro,21129,watergardens railway station/watergardens circuit rd (taylors lakes),watergardens station,bus bay,taylors lakes
237,11133,-37.701045,144.77433200000002,brimbank,1,3038,melbourne,greater metro,21130,watergardens railway station/watergardens circuit rd (taylors lakes),watergardens station,bus bay,taylors lakes
238,11134,-37.697072999999996,144.774275,brimbank,1,3038,melbourne,greater metro,21134,watergardens shopping centre/melton hwy (taylors lakes),watergardens shopping centre,bus bay,taylors lakes
239,11135,-37.696999999999996,144.776,brimbank,1,3038,melbourne,greater metro,21135,watergardens shopping centre/melton hwy (taylors lakes),watergardens shopping centre,kerbside,taylors lakes
240,11136,-37.729996,144.79426899999999,brimbank,1,3021,melbourne,greater metro,21136,keilor plains railway station/east esplanade (st albans),keilor plains station,bus bay,st albans
241,11137,-37.730159,144.794318,brimbank,1,3021,melbourne,greater metro,21137,keilor plains railway station/east esplanade (st albans),keilor plains railway station,bus bay,st albans
242,11380,-37.735853999999996,144.888498,moonee valley,1,3042,melbourne,greater metro,7043,matthews ave/keilor rd (niddrie),matthews av,kerbside,niddrie
243,11381,-37.734297999999995,144.88306699999998,moonee valley,1,3042,melbourne,greater metro,7044,keilor rd/newman st (niddrie),keilor road,kerbside,niddrie
244,11382,-37.734633,144.879467,moonee valley,1,3042,melbourne,greater metro,7045,florence st/hotham rd (niddrie),florence street,kerbside,niddrie
245,11383,-37.733947,144.877751,moonee valley,1,3042,melbourne,greater metro,7046,the avenue/hotham rd (niddrie),the avenue,kerbside,niddrie
246,11384,-37.731685,144.876969,moonee valley,1,3042,melbourne,greater metro,7047,hanson st/keilor rd (niddrie),hanson street,bus bay,niddrie
247,11385,-37.73641,144.86541,moonee valley,1,3033,melbourne,greater metro,7048,wyong st/clarks rd (keilor east),wyong street,kerbside,keilor east
248,11386,-37.736818,144.868761,moonee valley,1,3033,melbourne,greater metro,7049,drew st/clarks rd (keilor east),drew street,kerbside,keilor east
249,11396,-37.719715,144.874248,moonee valley,1,3042,melbourne,greater metro,7157,bedford st/parer rd (airport west),bedford street,kerbside,airport west
250,11397,-37.721117,144.8748,moonee valley,1,3042,melbourne,greater metro,7243,kingsley rd/etzel st (airport west),kingsley road,kerbside,airport west
251,11398,-37.721287,144.876316,moonee valley,1,3042,melbourne,greater metro,7244,thomas st/etzel st (airport west),thomas street,kerbside,airport west
252,11399,-37.722,144.879302,moonee valley,1,3042,melbourne,greater metro,7245,etzel st/clydesdale rd (airport west),etzel street,kerbside,airport west
253,11400,-37.722731,144.88149099999998,moonee valley,1,3042,melbourne,greater metro,7246,highlands ave/south rd (airport west),highlands avenue,kerbside,airport west
254,11401,-37.724302,144.881674,moonee valley,1,3042,melbourne,greater metro,7247,altna ave/mcnamara ave (airport west),altna avenue,kerbside,airport west
255,11402,-37.726299,144.88218600000002,moonee valley,1,3042,melbourne,greater metro,7248,mcnamara ave/roberts rd (airport west),mcnamara avenue,kerbside,airport west
256,11403,-37.726492,144.883921,moonee valley,1,3042,melbourne,greater metro,7249,el reno cres/roberts rd (airport west),el reno crescent,kerbside,airport west
257,11404,-37.730765999999996,144.883791,moonee valley,1,3042,melbourne,greater metro,7250,oak st/grange rd (airport west),oak street,kerbside,airport west
258,11738,-37.733323999999996,144.77166599999998,brimbank,1,3021,melbourne,greater metro,10861,copperfield college junior campus/gillespie rd (kings park),copperfield college,kerbside,kings park
259,11739,-37.733705,144.77516,brimbank,1,3021,melbourne,greater metro,10862,maplewood rd/gillespie rd (kings park),maplewood road,kerbside,kings park
260,11740,-37.734169,144.779376,brimbank,1,3021,melbourne,greater metro,10863,mavis cres/gillespie rd (st albans),mavis crescent,kerbside,st albans
261,11741,-37.734367,144.781727,brimbank,1,3021,melbourne,greater metro,10864,kings rd/gillespie rd (st albans),kings road,kerbside,st albans
262,11742,-37.734702,144.785124,brimbank,1,3021,melbourne,greater metro,10865,charlbury gr/gillespie rd (st albans),charlbury grove,kerbside,st albans
263,11743,-37.735039,144.788851,brimbank,1,3021,melbourne,greater metro,10866,atheldene dr/gillespie rd (st albans),atheldene drive,kerbside,st albans
264,11744,-37.736105,144.788599,brimbank,1,3021,melbourne,greater metro,10867,andrew rd/jamieson st (st albans),andrew road,kerbside,st albans
265,11750,-37.688162,144.785813,brimbank,1,3036,melbourne,greater metro,11298,keilor golf course/calder fwy (keilor north),keilor golf course,kerbside,keilor north
266,11752,-37.714971999999996,144.81035,brimbank,1,3038,melbourne,greater metro,11444,keilor downs secondary college/wanaka dr (keilor downs),keilor downs secondary college,kerbside,keilor downs
267,11759,-37.736989,144.827518,brimbank,1,3021,melbourne,greater metro,11757,dowling st/driscolls rd (kealba),dowling street,kerbside,kealba
268,11760,-37.734198,144.825169,brimbank,1,3021,melbourne,greater metro,11758,leavesdon ave/driscolls rd (kealba),leavesdon avenue,kerbside,kealba
269,11761,-37.731714000000004,144.823074,brimbank,1,3021,melbourne,greater metro,11759,44 driscolls rd (kealba),driscolls road,kerbside,kealba
270,11762,-37.728196000000004,144.820879,brimbank,1,3021,melbourne,greater metro,11760,green gully reserve/driscolls rd (kealba),green gully reserve,kerbside,kealba
271,11763,-37.72871,144.81776200000002,brimbank,1,3038,melbourne,greater metro,11761,homestead dr/green gully rd (keilor downs),homestead drive,bus bay,keilor downs
272,11948,-37.705395,144.859379,hume,1,3043,melbourne,greater metro,47645,keilor park dr/south centre rd (tullamarine),keilor park dr,bus bay,tullamarine
273,11949,-37.70497,144.85983000000002,hume,1,3043,melbourne,greater metro,47646,keilor park dr/south centre rd (tullamarine),south centre,bus bay,tullamarine
274,11950,-37.689594,144.868233,hume,1,3043,melbourne,greater metro,47745,watson dr (tullamarine),watson dr,kerbside,tullamarine
275,11951,-37.689679999999996,144.8681,hume,1,3043,melbourne,greater metro,47746,watson dr (tullamarine),watson dr,kerbside,tullamarine
276,11953,-37.674143,144.85039799999998,hume,1,3045,melbourne,greater metro,47996,melbourne airport/grants rd (melbourne airport),melbourne airport,bus bay,melbourne airport
277,11954,-37.674440000000004,144.85046200000002,hume,1,3045,melbourne,greater metro,47997,melbourne airport/grants rd (melbourne airport),melbourne airport,bus bay,melbourne airport
278,11955,-37.674723,144.85051399999998,hume,1,3045,melbourne,greater metro,47998,melbourne airport/grants rd (melbourne airport),melbourne airport,bus bay,melbourne airport
279,11956,-37.674901,144.850551,hume,1,3045,melbourne,greater metro,47999,melbourne airport/grants rd (melbourne airport),melbourne airport,bus bay,melbourne airport
280,11957,-37.640144,144.88206100000002,hume,1,3059,hume,greater metro,48233,greenvale viilage sc/greenvale dr (greenvale),greenvale viilage sc,kerbside,greenvale
281,11958,-37.640042,144.882104,hume,1,3059,hume,greater metro,48234,greenvale village sc/greenvale dr (greenvale),greenvale village sc,kerbside,greenvale
282,11959,-37.622733000000004,144.884546,hume,1,3059,hume,greater metro,48237,mickleham rd/dellamore bvd (greenvale),mickleham rd,kerbside,greenvale
283,11960,-37.622873,144.884546,hume,1,3059,hume,greater metro,48238,mickleham rd/dellamore bvd (greenvale),mickleham rd,kerbside,greenvale
284,11961,-37.623036,144.888815,hume,1,3059,hume,greater metro,48239,napoli park/napoli cct (greenvale),napoli park,kerbside,greenvale
285,11962,-37.622395000000004,144.879715,hume,1,3059,hume,greater metro,48240,blossom dr/greenvale gardens bvd (greenvale),blossom dr,kerbside,greenvale
286,11963,-37.622325,144.879446,hume,1,3059,hume,greater metro,48241,blossom dr/greenvale gardens bvd (greenvale),blossom dr,kerbside,greenvale
287,11964,-37.624087,144.87829,hume,1,3059,hume,greater metro,48242,ventura way/blossom dr (greenvale),ventura way,kerbside,greenvale
288,12775,-37.683023,144.888773,hume,1,3043,melbourne,greater metro,9116,costain ct/north circular rd (gladstone park),costain ct,kerbside,gladstone park
289,12776,-37.684752,144.88715,hume,1,3043,melbourne,greater metro,9117,rylandes dr/north circular rd (gladstone park),rylandes dr,kerbside,gladstone park
290,12777,-37.684367,144.883614,hume,1,3043,melbourne,greater metro,9118,mickleham rd/rylandes dr (gladstone park),mickleham rd,kerbside,gladstone park
291,12778,-37.680009000000005,144.884042,hume,1,3049,melbourne,greater metro,9119,hopetoun ct/mickleham rd (westmeadows),hopetoun ct,bus bay,westmeadows
292,12779,-37.676683000000004,144.887226,hume,1,3049,melbourne,greater metro,9120,grundy st/fawkner st (westmeadows),grundy st,bus bay,westmeadows
293,12929,-37.73063,144.87094,moonee valley,1,3033,melbourne,greater metro,44535,penleigh and essendon grammar (keilor east),penleigh and essendon grammar,kerbside,keilor east
294,13556,-37.733513,144.78094299999998,brimbank,1,3021,melbourne,greater metro,47564,gillespie rd/kings st (kings park),gillespie road,kerbside,kings park
295,13557,-37.730967,144.781389,brimbank,1,3021,melbourne,greater metro,47565,charlbury gr/kings rd (kings park),charlbury grove,kerbside,kings park
296,13558,-37.725761,144.781405,brimbank,1,3037,melbourne,greater metro,47566,delahey village shopping centre/kings rd (delahey),delahey village sc,kerbside,delahey
297,13559,-37.721807,144.7806,brimbank,1,3037,melbourne,greater metro,47567,coleridge dr/kings rd (delahey),coleridge drive,kerbside,delahey
298,13560,-37.716473,144.780858,brimbank,1,3037,melbourne,greater metro,47568,opp sydenham retirement village/kings rd (delahey),goldsmith avenue,kerbside,delahey
299,13561,-37.712357,144.778352,brimbank,1,3037,melbourne,greater metro,47569,currie dr/kings rd (delahey),currie drive,kerbside,delahey
300,13562,-37.710345000000004,144.777961,brimbank,1,3037,melbourne,greater metro,47570,opp aqua gardens shopping centre/kings rd (sydenham),opp aqua gardens shopping centre,kerbside,sydenham
301,13563,-37.712517999999996,144.778712,brimbank,1,3037,melbourne,greater metro,47571,currie dr/kings rd (delahey),currie drive,kerbside,delahey
302,13564,-37.715123,144.780343,brimbank,1,3037,melbourne,greater metro,47572,mcnicholl way/kings rd (delahey),mcnicholl way,kerbside,delahey
303,13565,-37.721909000000004,144.7809,brimbank,1,3037,melbourne,greater metro,47573,coleridge dr/kings rd (delahey),coleridge drive,kerbside,delahey
304,13566,-37.725626,144.78170500000002,brimbank,1,3037,melbourne,greater metro,47574,opp delahey village/kings rd (delahey),opp delahey village,kerbside,delahey
305,13567,-37.731408,144.78155,brimbank,1,3021,melbourne,greater metro,47575,charlbury gr/kings rd (kings park),charlbury grove,kerbside,kings park
306,13568,-37.733623,144.781196,brimbank,1,3021,melbourne,greater metro,47576,stevensville primary school/kings rd (st albans),gillespie road,kerbside,st albans
307,13787,-37.719691,144.874005,moonee valley,1,3042,melbourne,greater metro,7832,bedford st/parer rd (airport west),bedford street,kerbside,airport west
308,13788,-37.720901,144.872675,moonee valley,1,3042,melbourne,greater metro,7833,parer rd/etzel st (airport west),parer road,kerbside,airport west
309,13789,-37.721328,144.874781,moonee valley,1,3042,melbourne,greater metro,7834,kingsley rd/etzel st (airport west),kingsley road,kerbside,airport west
310,13790,-37.721454,144.876386,moonee valley,1,3042,melbourne,greater metro,7835,thomas st/etzel st (airport west),thomas street,kerbside,airport west
311,13791,-37.721937,144.879177,moonee valley,1,3042,melbourne,greater metro,7836,etzel st/clydesdale rd (airport west),etzel street,kerbside,airport west
312,13804,-37.720801,144.872901,moonee valley,1,3042,melbourne,greater metro,7945,parer rd/etzel st (airport west),parer road,kerbside,airport west
313,14538,-37.706693,144.821281,brimbank,1,3036,melbourne,greater metro,44534,overnewton col (keilor),overnewton col (keilor),kerbside,keilor
314,14539,-37.699422999999996,144.804797,brimbank,1,3036,melbourne,greater metro,44536,catholic regional college (keilor north),catholic regional college,kerbside,keilor north
315,14540,-37.700842,144.774209,brimbank,1,3038,melbourne,greater metro,45514,watergardens railway station/watergardens circuit rd (taylors lakes),watergardens station,bus bay,taylors lakes
316,14544,-37.689941999999995,144.785326,brimbank,1,3038,melbourne,greater metro,46637,salamander dr/wellesley dr (taylors lakes),salamander drive,kerbside,taylors lakes
317,14545,-37.73525,144.80403,brimbank,1,3021,melbourne,greater metro,47512,greek orthodox church/arthur st (st albans),greek orthodox church,kerbside,st albans
318,14546,-37.73441,144.80489,brimbank,1,3021,melbourne,greater metro,47513,conrad st/arthur st (st albans),conrad st,kerbside,st albans
319,14547,-37.73148,144.80841,brimbank,1,3021,melbourne,greater metro,47514,power st/arthur st (st albans),power st,kerbside,st albans
320,14548,-37.73157,144.80852,brimbank,1,3021,melbourne,greater metro,47515,power st/arthur st (st albans),power street,kerbside,st albans
321,14549,-37.73001,144.81028999999998,brimbank,1,3021,melbourne,greater metro,47516,leslie st/arthur st (st albans),leslie st,kerbside,st albans
322,14550,-37.730090000000004,144.81035,brimbank,1,3021,melbourne,greater metro,47517,leslie st/arthur st (st albans),leslie st,kerbside,st albans
323,14551,-37.7268,144.79658999999998,brimbank,1,3038,melbourne,greater metro,47518,rodney dr/carbine way (keilor downs),rodney drive,kerbside,keilor downs
324,15152,-37.73273,144.882653,moonee valley,1,3042,melbourne,greater metro,20047,grange rd/fullarton rd (airport west),grange rd,kerbside,airport west
325,15153,-37.732358000000005,144.878745,moonee valley,1,3042,melbourne,greater metro,20073,keilor rd/the avenue (niddrie),keilor road,kerbside,niddrie
326,15155,-37.73265,144.87876,moonee valley,1,3042,melbourne,greater metro,20088,keilor rd/the avenue (niddrie),the avenue,kerbside,niddrie
327,15157,-37.73278,144.88237,moonee valley,1,3042,melbourne,greater metro,20103,coniston ave/fullarton rd (airport west),coniston avenue,kerbside,airport west
328,15158,-37.731809000000005,144.88016000000002,moonee valley,1,3042,melbourne,greater metro,20104,mcnamara ave/fullarton rd (airport west),mcnamara avenue,kerbside,airport west
329,15159,-37.731771,144.880275,moonee valley,1,3042,melbourne,greater metro,20127,mcnamara ave/fullarton rd (airport west),mcnamara avenue,kerbside,airport west
330,15924,-37.700084999999994,144.773621,brimbank,1,3038,melbourne,greater metro,47644,watergardens railway station/watergardens circuit rd (taylors lakes),watergardens station,bus bay,taylors lakes
331,15930,-37.733627,144.806064,brimbank,1,3021,melbourne,greater metro,48269,arthur street reserve/arthur st (st albans),arthur st reserve,kerbside,st albans
332,15931,-37.736686,144.802272,brimbank,1,3021,melbourne,greater metro,48270,biggs st/arthur st (st albans),biggs st,kerbside,st albans
333,15932,-37.736296,144.80258600000002,brimbank,1,3021,melbourne,greater metro,48271,senior citizens centre/arthur st (st albans),senior citizens centre,kerbside,st albans
334,16113,-37.722815000000004,144.881181,moonee valley,1,3042,melbourne,greater metro,8630,highlands ave/south rd (airport west),highlands avenue,kerbside,airport west
335,16114,-37.724114,144.881493,moonee valley,1,3042,melbourne,greater metro,8631,altna ave/mcnamara ave (airport west),altna avenue,kerbside,airport west
336,16115,-37.72645,144.882054,moonee valley,1,3042,melbourne,greater metro,8632,mcnamara ave/roberts rd (airport west),mcnamara avenue,kerbside,airport west
337,16116,-37.726535,144.883769,moonee valley,1,3042,melbourne,greater metro,8633,el reno cres/roberts rd (airport west),el reno crescent,kerbside,airport west
338,16117,-37.730762,144.883627,moonee valley,1,3042,melbourne,greater metro,8634,oak st/grange rd (airport west),oak street,kerbside,airport west
339,16747,-37.709895,144.770353,brimbank,1,3037,melbourne,greater metro,23308,copperfield dr/hume dr (delahey),copperfield dr,kerbside,delahey
340,16748,-37.710288,144.773212,brimbank,1,3037,melbourne,greater metro,23309,heritage garden/hume dr (sydenham),heritage garden,bus bay,sydenham
341,16749,-37.70967,144.777618,brimbank,1,3037,melbourne,greater metro,23310,hume dr/kings rd (sydenham),hume dr,kerbside,sydenham
342,16750,-37.707797,144.77768700000001,brimbank,1,3037,melbourne,greater metro,23311,roseleigh bvd/kings rd (sydenham),roseleigh bvd,kerbside,sydenham
343,16751,-37.70021,144.773722,brimbank,1,3038,melbourne,greater metro,23418,watergardens railway station/watergardens circuit rd (taylors lakes),watergardens station,bus bay,taylors lakes
344,16760,-37.697275,144.773607,brimbank,1,3038,melbourne,greater metro,40160,watergardens shopping centre/watergardens circuit rd (taylors lakes),watergardens circuit rd,kerbside,taylors lakes
345,16761,-37.697013,144.77376,brimbank,1,3038,melbourne,greater metro,40161,watergardens shopping centre/watergardens circuit rd (taylors lakes),watergardens circuit road,kerbside,taylors lakes
346,16762,-37.696962,144.773883,brimbank,1,3038,melbourne,greater metro,40162,watergardens shopping centre/watergardens circuit rd (taylors lakes),watergardens circuit road,kerbside,taylors lakes
347,16774,-37.700918,144.77426699999998,brimbank,1,3038,melbourne,greater metro,40693,watergardens railway station/watergardens circuit rd (taylors lakes),watergardens station,bus bay,taylors lakes
348,16775,-37.716758,144.77183200000002,brimbank,1,3037,melbourne,greater metro,40864,aitken dr/copperfield dr (delahey),aitken drive,bus bay,delahey
349,16776,-37.716551,144.771936,brimbank,1,3037,melbourne,greater metro,40865,aitken dr/copperfield dr (delahey),aitken drive,bus bay,delahey
350,17151,-37.724696,144.859597,brimbank,1,3042,melbourne,greater metro,4467,swan st/erebus st (keilor park),swan street,kerbside,keilor park
351,17362,-37.700328000000006,144.881047,hume,1,3043,melbourne,greater metro,20689,forum pl/melrose dr (tullamarine),forum pl,kerbside,tullamarine
352,17363,-37.703702,144.883547,hume,1,3043,melbourne,greater metro,20690,lindaway pl/melrose dr (tullamarine),lindaway pl,kerbside,tullamarine
353,17364,-37.691027000000005,144.872227,hume,1,3043,melbourne,greater metro,20691,henderson rd/melrose dr (tullamarine),henderson rd,kerbside,tullamarine
354,18136,-37.726613,144.774109,brimbank,1,3037,melbourne,greater metro,10308,longfellow dr/taylors rd (delahey),longfellow drive,kerbside,delahey
355,18151,-37.733616999999995,144.775323,brimbank,1,3021,melbourne,greater metro,10372,maplewood rd/gillespie rd (kings park),maplewood road,kerbside,kings park
356,18152,-37.734066,144.779426,brimbank,1,3021,melbourne,greater metro,10373,beverley st/gillespie rd (kings park),beverley street,kerbside,kings park
357,18153,-37.734246999999996,144.78158100000002,brimbank,1,3021,melbourne,greater metro,10374,kings rd/gillespie rd (st albans),kings road,kerbside,st albans
358,18154,-37.734619,144.785382,brimbank,1,3021,melbourne,greater metro,10375,glenrosa ct/gillespie rd (st albans),glenrosa court,kerbside,st albans
359,18155,-37.73493,144.788919,brimbank,1,3021,melbourne,greater metro,10376,atheldene dr/gillespie rd (st albans),atheldene drive,kerbside,st albans
360,18156,-37.736114,144.788828,brimbank,1,3021,melbourne,greater metro,10377,andrew rd/jamieson st (st albans),andrew road,kerbside,st albans
361,18160,-37.736978,144.802602,brimbank,1,3021,melbourne,greater metro,10646,collins st/biggs st (st albans),collins street,kerbside,st albans
362,18165,-37.736933,144.827341,brimbank,1,3021,melbourne,greater metro,10657,harefield cres/driscolls rd (kealba),harefield crescent,kerbside,kealba
363,18166,-37.734878,144.825594,brimbank,1,3021,melbourne,greater metro,10658,leavesdon ave/driscolls rd (kealba),leavesdon avenue,kerbside,kealba
364,18167,-37.731691,144.822922,brimbank,1,3021,melbourne,greater metro,10659,29 driscolls rd (kealba),driscolls road,kerbside,kealba
365,18168,-37.728319,144.820795,brimbank,1,3021,melbourne,greater metro,10660,green gully rd/driscolls rd (kealba),green gully road,kerbside,kealba
366,18169,-37.728707,144.81790800000002,brimbank,1,3021,melbourne,greater metro,10661,170 green gully rd (kealba),green gully road,bus bay,kealba
367,18170,-37.729507,144.81305700000001,brimbank,1,3021,melbourne,greater metro,10662,17 taylors rd (st albans),taylors road,kerbside,st albans
368,18171,-37.729118,144.809474,brimbank,1,3038,melbourne,greater metro,10663,oslo way/taylors rd (keilor downs),oslo way,kerbside,keilor downs
369,18172,-37.727919,144.79832,brimbank,1,3038,melbourne,greater metro,10668,carbine way/taylors rd (keilor downs),carbine way,kerbside,keilor downs
370,18173,-37.728013,144.800467,brimbank,1,3038,melbourne,greater metro,10669,theodore st/taylors rd (keilor downs),theodore street,kerbside,keilor downs
371,18174,-37.727332000000004,144.806053,brimbank,1,3038,melbourne,greater metro,10670,keilor shopping centre/taylors rd (keilor downs),keilor shopping centre,bus bay,keilor downs
372,18175,-37.725784999999995,144.79548400000002,brimbank,1,3038,melbourne,greater metro,10673,carbine way/goodwood dr (keilor downs),carbine way,kerbside,keilor downs
373,18474,-37.728303000000004,144.866245,moonee valley,1,3042,melbourne,greater metro,6081,roberts rd/fullarton rd (airport west),roberts road,kerbside,airport west
374,18475,-37.728559999999995,144.867795,moonee valley,1,3042,melbourne,greater metro,6082,knighton ave/fullarton rd (airport west),knighton avenue,kerbside,airport west
375,18476,-37.730049,144.867185,moonee valley,1,3033,melbourne,greater metro,6083,wyong st/woorite pl (keilor east),wyong street,kerbside,keilor east
376,18477,-37.731409,144.865449,moonee valley,1,3033,melbourne,greater metro,6084,tuppal pl/milleara rd (keilor east),tuppal place,kerbside,keilor east
377,18478,-37.734596,144.864904,moonee valley,1,3033,melbourne,greater metro,6085,wunnamurra dr/milleara rd (keilor east),wunnamurra drive,kerbside,keilor east
378,18479,-37.736919,144.864484,moonee valley,1,3033,melbourne,greater metro,6086,clarks rd/milleara rd (keilor east),clarks road,kerbside,keilor east
379,18656,-37.714284,144.80383799999998,brimbank,1,3038,melbourne,greater metro,9957,mary mackillop primary school/sunshine ave (keilor downs),mary mackillop ps,bus bay,keilor downs
380,18657,-37.715515,144.805757,brimbank,1,3038,melbourne,greater metro,9958,swindon cres/odessa ave (keilor downs),swindon crescent,kerbside,keilor downs
381,18658,-37.715272,144.807948,brimbank,1,3038,melbourne,greater metro,9959,dunbar ct/odessa ave (keilor downs),dunbar court,kerbside,keilor downs
382,18659,-37.716629,144.811669,brimbank,1,3038,melbourne,greater metro,9960,keilor downs secondary college/odessa ave (keilor downs),keilor downs secondary college,bus bay,keilor downs
383,18660,-37.718539,144.81233,brimbank,1,3038,melbourne,greater metro,9961,green gully cl/odessa ave (keilor downs),green gully close,kerbside,keilor downs
384,18661,-37.721203,144.81251799999998,brimbank,1,3038,melbourne,greater metro,9962,tarella dr/odessa ave (keilor downs),tarella drive,kerbside,keilor downs
385,18662,-37.723036,144.812248,brimbank,1,3038,melbourne,greater metro,9963,antwerp dr/odessa ave (keilor downs),antwerp drive,kerbside,keilor downs
386,18663,-37.726025,144.812117,brimbank,1,3038,melbourne,greater metro,9964,wimmera cres/sunshine ave (keilor downs),wimmera crescent,bus bay,keilor downs
387,18664,-37.728122,144.814716,brimbank,1,3038,melbourne,greater metro,9965,306 sunshine ave (keilor downs),sunshine avenue,kerbside,keilor downs
388,18665,-37.731199,144.816541,brimbank,1,3021,melbourne,greater metro,9977,power st/sunshine ave (st albans),power street,bus bay,st albans
389,18666,-37.73341,144.81858200000002,brimbank,1,3021,melbourne,greater metro,9978,st pauls catholic primary school/248 sunshine ave (st albans),st  pauls catholic ps,bus bay,st albans
390,18667,-37.736163,144.820731,brimbank,1,3021,melbourne,greater metro,9979,calverton rd/sunshine ave (st albans),calverton road,bus bay,st albans
391,18677,-37.713854,144.77188999999998,brimbank,1,3037,melbourne,greater metro,9994,yellow gum rd/copperfield dr (delahey),yellow gum road,bus bay,delahey
392,18678,-37.726971,144.776147,brimbank,1,3021,melbourne,greater metro,10001,rex st/taylors rd (kings park),rex street,kerbside,kings park
393,18692,-37.710396,144.770865,brimbank,1,3037,melbourne,greater metro,10299,hume dr/copperfield dr (delahey),hume drive,kerbside,delahey
394,18693,-37.713876,144.771859,brimbank,1,3037,melbourne,greater metro,10300,yellow gum rd/copperfield dr (delahey),yellow gum road,bus bay,delahey
395,18694,-37.7186,144.770849,brimbank,1,3037,melbourne,greater metro,10301,copperfield college senior campus/copperfield dr (delahey),copperfield college,bus bay,delahey
396,18695,-37.726865999999994,144.776362,brimbank,1,3037,melbourne,greater metro,10307,rex st/taylors rd (delahey),rex street,kerbside,delahey
397,19013,-37.669378,144.851094,hume,1,3045,melbourne,greater metro,45511,melbourne airport t1 skybus/arrival dr (melbourne airport),melbourne airport t1 skybus,bus bay,melbourne airport
399,19015,-37.671261,144.848819,hume,1,3045,melbourne,greater metro,45513,melbourne airport t3 skybus/arrival dr (melbourne airport),melbourne airport t3 skybus,bus bay,melbourne airport
400,19339,-37.71053,144.77109,brimbank,1,3037,melbourne,greater metro,9715,hume dr/copperfield dr (delahey),hume drive,kerbside,delahey
401,19342,-37.69587,144.77373,brimbank,1,3038,melbourne,greater metro,9927,mccubbin dr/melton hwy (taylors lakes),mccubbin dr,bus bay,taylors lakes
402,19343,-37.697252,144.780115,brimbank,1,3038,melbourne,greater metro,9928,kings rd/melton hwy (taylors lakes),kings road,bus bay,taylors lakes
403,19344,-37.70254,144.78583,brimbank,1,3038,melbourne,greater metro,9930,chichester dr/parmelia dr (taylors lakes),chichester drive,kerbside,taylors lakes
404,19345,-37.70537,144.786451,brimbank,1,3038,melbourne,greater metro,9931,fastnet dr/parmelia dr (taylors lakes),fastnet drive,kerbside,taylors lakes
405,19346,-37.706648,144.791046,brimbank,1,3038,melbourne,greater metro,9932,lionheart ave/parmelia dr (taylors lakes),lionheart avenue,kerbside,taylors lakes
406,19347,-37.706617,144.793561,brimbank,1,3038,melbourne,greater metro,9933,taylors lakes secondary college/parmelia dr (taylors lakes),taylors lakes sec college,bus bay,taylors lakes
407,19348,-37.708039,144.79525,brimbank,1,3038,melbourne,greater metro,9934,chichester dr/apollo rd (taylors lakes),chichester drive,kerbside,taylors lakes
408,19349,-37.708434999999994,144.798193,brimbank,1,3038,melbourne,greater metro,9935,pindari ave/apollo rd (taylors lakes),pindari avenue,kerbside,taylors lakes
409,19350,-37.708751,144.800305,brimbank,1,3038,melbourne,greater metro,9936,cocoparra cres/apollo rd (taylors lakes),cocoparra crescent,kerbside,taylors lakes
410,19351,-37.687171,144.777421,brimbank,1,3038,melbourne,greater metro,9946,65 robertsons rd (taylors lakes),robertsons road,kerbside,taylors lakes
411,19352,-37.6856,144.78021,brimbank,1,3038,melbourne,greater metro,9947,carnarvon cl/palmerston cres (taylors lakes),carnarvon close,kerbside,taylors lakes
412,19353,-37.68877,144.78293,brimbank,1,3038,melbourne,greater metro,9948,warrego pl/palmerston cres (taylors lakes),warrego place,kerbside,taylors lakes
413,19354,-37.689931,144.785741,brimbank,1,3038,melbourne,greater metro,9949,mackenzie cl/wellesley dr (taylors lakes),mackenzie cl,kerbside,taylors lakes
414,19355,-37.69115,144.78913,brimbank,1,3038,melbourne,greater metro,9950,newell cl/wellesley dr (taylors lakes),newell close,kerbside,taylors lakes
415,19356,-37.69377,144.79283,brimbank,1,3038,melbourne,greater metro,9951,nordic ave/wellesley dr (taylors lakes),nordic avenue,kerbside,taylors lakes
416,19357,-37.69543,144.79568,brimbank,1,3038,melbourne,greater metro,9952,penrhyn ct/verona dr (keilor lodge),penrhyn court,kerbside,keilor lodge
417,19358,-37.698607,144.797543,brimbank,1,3038,melbourne,greater metro,9953,messina cres/verona dr (keilor lodge),messina crescent,kerbside,keilor lodge
418,19359,-37.700652000000005,144.797007,brimbank,1,3038,melbourne,greater metro,9954,verona dr/melton hwy (taylors lakes),verona drive,bus bay,taylors lakes
419,19360,-37.701525,144.800757,brimbank,1,3038,melbourne,greater metro,9955,taylors lakes shopping centre/melton hwy (taylors lakes),taylors lakes sc,bus bay,taylors lakes
420,19361,-37.712392,144.804151,brimbank,1,3038,melbourne,greater metro,9956,wanaka dr/sunshine ave (keilor downs),wanaka drive,bus bay,keilor downs
421,19522,-37.682063,144.88378500000002,hume,1,3043,melbourne,greater metro,43904,mickleham rd/broadmeadows rd (gladstone park),mickleham rd,kerbside,gladstone park
422,19523,-37.681098999999996,144.884275,hume,1,3049,melbourne,greater metro,43905,mickleham rd/broadmeadows rd (westmeadows),mickleham rd,kerbside,westmeadows
423,23678,-37.672868,144.88732,hume,1,3049,melbourne,greater metro,7063,tollkeepers pde/ardlie st (attwood),tollkeepers pde,kerbside,attwood
424,23679,-37.654139,144.888168,hume,1,3059,hume,greater metro,7069,st carlo borromeo school/drummond st (greenvale),st carlo borromeo school,kerbside,greenvale
425,23685,-37.640023,144.88318600000002,hume,1,3059,hume,greater metro,7081,greenvale village sc/heversham gr (greenvale),greenvale village sc,kerbside,greenvale
426,23686,-37.637083000000004,144.883456,hume,1,3059,hume,greater metro,7083,lytham ct/heversham gr (greenvale),lytham ct,kerbside,greenvale
427,23687,-37.636581,144.886428,hume,1,3059,hume,greater metro,7084,henshaw ct/heversham gr (greenvale),henshaw ct,kerbside,greenvale
428,23692,-37.709434,144.887405,hume,1,3043,melbourne,greater metro,7265,caterpillar dr/melrose dr (tullamarine),caterpillar dr,kerbside,tullamarine
429,23693,-37.708290999999996,144.884323,hume,1,3043,melbourne,greater metro,7266,banksia gr/sharps rd (tullamarine),banksia gr,bus bay,tullamarine
430,23694,-37.707094,144.878678,hume,1,3043,melbourne,greater metro,7267,sharps rd/broadmeadows rd (tullamarine),sharps rd,kerbside,tullamarine
431,23695,-37.705205,144.879073,hume,1,3043,melbourne,greater metro,7268,birch ave/broadmeadows rd (tullamarine),birch ave,kerbside,tullamarine
432,23696,-37.703388000000004,144.879382,hume,1,3043,melbourne,greater metro,7269,tullamarine primary school/broadmeadows rd (tullamarine),tullamarine ps,kerbside,tullamarine
433,23697,-37.700828,144.87983799999998,hume,1,3043,melbourne,greater metro,7270,dawson st/broadmeadows rd (tullamarine),dawson st,kerbside,tullamarine
434,23698,-37.698211,144.880424,hume,1,3043,melbourne,greater metro,7271,melrose dr/mickleham rd (tullamarine),melrose dr,kerbside,tullamarine
435,23699,-37.696062,144.880777,hume,1,3043,melbourne,greater metro,7272,andlon ct/mickleham rd (tullamarine),andlon ct,kerbside,tullamarine
436,23700,-37.694117999999996,144.881192,hume,1,3043,melbourne,greater metro,7273,londrew ct/mickleham rd (tullamarine),londrew ct,kerbside,tullamarine
437,23701,-37.688924,144.883988,hume,1,3043,melbourne,greater metro,7274,gladstone park shopping centre/gladstone park dr (gladstone park),gladstone park sc,kerbside,gladstone park
438,23702,-37.689436,144.885874,hume,1,3043,melbourne,greater metro,7275,south circular rd/gladstone park dr (gladstone park),south circular rd,kerbside,gladstone park
439,23711,-37.683104,144.88884099999999,hume,1,3043,melbourne,greater metro,7284,costain ct/north circular rd (gladstone park),costain ct,kerbside,gladstone park
440,23712,-37.684865,144.887324,hume,1,3043,melbourne,greater metro,7285,rylandes dr/north circular rd (gladstone park),rylandes dr,kerbside,gladstone park
441,23713,-37.684593,144.883816,hume,1,3043,melbourne,greater metro,7286,mickleham rd/rylandes dr (gladstone park),mickleham rd,kerbside,gladstone park
442,23714,-37.679682,144.88376,hume,1,3049,melbourne,greater metro,7287,hopetoun ct/mickleham rd (westmeadows),hopetoun ct,bus bay,westmeadows
443,23715,-37.67653,144.887234,hume,1,3049,melbourne,greater metro,7288,grundy st/fawkner st (westmeadows),grundy st,kerbside,westmeadows
444,24117,-37.675474,144.888072,hume,1,3049,melbourne,greater metro,7062,fawkner st/ardlie st (westmeadows),fawkner st,kerbside,westmeadows
445,27584,-37.69527,144.7701,brimbank,1,3038,melbourne,greater metro,9926,sydenham rd/melton hwy (taylors lakes),sydenham rd,bus bay,taylors lakes
